dts,Node_5,Node_80,Node_6,Node_108
0.005,-0.00197914,-0.00662808,-0.00820861,-0.000191981
0.015,-0.00197906,-0.00662782,-0.00820828,-0.000191972
0.025,-0.00197898,-0.00662755,-0.00820795,-0.000191962
0.035,-0.0019789,-0.00662728,-0.00820762,-0.000191953
0.05,-0.00197879,-0.00662689,-0.00820711,-0.000191936
0.065,-0.00197871,-0.00662654,-0.00820665,-0.000191919
0.075,-0.0019788,-0.00662628,-0.00820638,-0.000191895
0.085,-0.00197959,-0.006626,-0.00820609,-0.000191873
0.095,-0.00198216,-0.0066259,-0.00820579,-0.000191859
0.105,-0.00198759,-0.00662651,-0.00820549,-0.000191904
0.115,-0.00199585,-0.00662855,-0.00820542,-0.000192231
0.125,-0.00200634,-0.00663311,-0.00820627,-0.000193486
0.135,-0.00201921,-0.00664076,-0.00820896,-0.000196903
0.145,-0.00203483,-0.00665125,-0.00821427,-0.000203646
0.155,-0.00205326,-0.00666417,-0.00822299,-0.000213767
0.165,-0.00207458,-0.00667979,-0.00823479,-0.000226512
0.175,-0.00209879,-0.00669844,-0.00824927,-0.000241842
0.185,-0.00212574,-0.0067202,-0.00826707,-0.000260351
0.195,-0.00215517,-0.00674538,-0.00828847,-0.000282126
0.205,-0.00218693,-0.0067741,-0.0083135,-0.000307213
0.215,-0.00222089,-0.00680591,-0.00834241,-0.000335756
0.225,-0.00225703,-0.00684037,-0.00837488,-0.000367319
0.235,-0.00229508,-0.00687723,-0.00841051,-0.000401299
0.245,-0.00233485,-0.00691616,-0.008449,-0.000437401
0.255,-0.00237596,-0.0069573,-0.00848988,-0.000475578
0.265,-0.00241801,-0.00700089,-0.0085327,-0.000515804
0.275,-0.00246094,-0.00704666,-0.00857715,-0.000558118
0.285,-0.0025047,-0.0070941,-0.00862302,-0.000602593
0.295,-0.00254921,-0.00714264,-0.00867044,-0.000649269
0.305,-0.0025943,-0.00719186,-0.00871988,-0.000698228
0.315,-0.0026398,-0.00724159,-0.00877142,-0.000749511
0.325,-0.0026856,-0.00729195,-0.00882471,-0.000803142
0.335,-0.00273136,-0.0073433,-0.00887945,-0.000859102
0.345,-0.00277693,-0.00739561,-0.00893563,-0.00091736
0.355,-0.00282246,-0.00744808,-0.00899343,-0.000977905
0.365,-0.00286828,-0.00750044,-0.00905271,-0.00104038
0.375,-0.00291521,-0.007553,-0.00911265,-0.00110387
0.385,-0.00296321,-0.00760523,-0.00917159,-0.00116714
0.395,-0.00301189,-0.00765849,-0.00922945,-0.00122969
0.405,-0.00306128,-0.00771305,-0.00928724,-0.00129219
0.415,-0.00311103,-0.00776798,-0.00934552,-0.00135551
0.425,-0.00316117,-0.00782301,-0.00940438,-0.00141974
0.435,-0.00321262,-0.00787784,-0.00946281,-0.00148405
0.445,-0.00326692,-0.00793222,-0.00952097,-0.00154724
0.455,-0.00332502,-0.00798717,-0.00957847,-0.00160874
0.465,-0.00338669,-0.00804416,-0.00963516,-0.00166884
0.475,-0.00345116,-0.00810427,-0.00969159,-0.00172807
0.485,-0.00351775,-0.00816739,-0.0097492,-0.00178762
0.495,-0.00358603,-0.00823258,-0.00980923,-0.00184888
0.505,-0.00365559,-0.00829919,-0.00987207,-0.00191174
0.515,-0.00372609,-0.00836695,-0.009937,-0.00197522
0.525,-0.00379752,-0.00843552,-0.0100035,-0.00203861
0.535,-0.00386974,-0.00850479,-0.0100712,-0.00210143
0.545,-0.00394232,-0.00857488,-0.0101394,-0.00216353
0.555,-0.00401499,-0.0086458,-0.0102076,-0.00222482
0.565,-0.00408794,-0.00871727,-0.0102759,-0.00228557
0.575,-0.00416177,-0.00878889,-0.0103445,-0.00234622
0.585,-0.00423636,-0.00886056,-0.0104131,-0.00240676
0.595,-0.00431038,-0.00893281,-0.0104815,-0.00246713
0.605,-0.00438166,-0.00900573,-0.0105499,-0.00252763
0.615,-0.00444801,-0.00907792,-0.0106188,-0.0025893
0.625,-0.00450913,-0.009147,-0.0106887,-0.00265322
0.635,-0.00456582,-0.00921086,-0.0107585,-0.00271898
0.645,-0.00461946,-0.00926903,-0.0108257,-0.00278449
0.655,-0.00467295,-0.00932247,-0.0108884,-0.00284729
0.665,-0.00472898,-0.00937289,-0.0109457,-0.00290623
0.675,-0.00478934,-0.00942357,-0.010998,-0.00296207
0.685,-0.0048544,-0.00947791,-0.0110471,-0.00301673
0.695,-0.00492276,-0.00953769,-0.0110961,-0.00307337
0.705,-0.00499259,-0.00960295,-0.0111495,-0.00313578
0.715,-0.00506194,-0.00967199,-0.0112105,-0.00320597
0.725,-0.00512944,-0.00974281,-0.0112798,-0.00328368
0.735,-0.00519419,-0.00981391,-0.011356,-0.0033666
0.745,-0.00525552,-0.00988395,-0.0114359,-0.0034516
0.755,-0.00531339,-0.00995228,-0.011516,-0.00353641
0.765,-0.0053701,-0.0100183,-0.0115941,-0.00361961
0.775,-0.00543114,-0.0100818,-0.0116692,-0.00370017
0.785,-0.00550107,-0.0101447,-0.0117405,-0.00377661
0.795,-0.00557974,-0.0102118,-0.0118079,-0.00384783
0.805,-0.00566349,-0.0102876,-0.0118736,-0.003915
0.815,-0.00574932,-0.0103719,-0.0119426,-0.00398231
0.825,-0.00583518,-0.0104609,-0.0120197,-0.0040542
0.835,-0.00591864,-0.0105506,-0.0121045,-0.0041313
0.845,-0.00599939,-0.0106384,-0.0121932,-0.00421074
0.855,-0.00607955,-0.0107228,-0.0122825,-0.00428968
0.865,-0.00616075,-0.0108042,-0.0123701,-0.00436666
0.875,-0.00624344,-0.0108847,-0.0124531,-0.00444095
0.885,-0.00632713,-0.0109666,-0.0125306,-0.0045138
0.895,-0.00641005,-0.0110502,-0.0126063,-0.00458848
0.905,-0.00649244,-0.0111343,-0.012684,-0.00466764
0.915,-0.00657782,-0.0112166,-0.0127654,-0.00475145
0.925,-0.00667104,-0.011297,-0.01285,-0.00483807
0.935,-0.00677638,-0.0113794,-0.0129361,-0.00492425
0.945,-0.00689384,-0.011469,-0.0130226,-0.00500808
0.955,-0.00701864,-0.0115704,-0.0131115,-0.00509225
0.965,-0.00714433,-0.0116866,-0.0132055,-0.00518285
0.975,-0.00726707,-0.0118167,-0.0133088,-0.00528672
0.985,-0.00738812,-0.0119505,-0.0134262,-0.00540723
0.995,-0.00751069,-0.0120792,-0.0135576,-0.00554062
1.01,-0.00769963,-0.0122676,-0.0137623,-0.0057492
1.025,-0.00788937,-0.012454,-0.0139608,-0.00595551
1.04,-0.00808001,-0.0126392,-0.0141602,-0.00616263
1.055,-0.00827689,-0.0128239,-0.0143663,-0.00637211
1.07,-0.00848609,-0.0130198,-0.0145711,-0.00657304
1.085,-0.00869052,-0.0132437,-0.0147734,-0.00676843
1.1,-0.00886898,-0.0134879,-0.0149846,-0.00697949
1.115,-0.00904023,-0.0137092,-0.0152183,-0.00721433
1.13,-0.0092277,-0.0138998,-0.015451,-0.0074475
1.145,-0.00942784,-0.0140826,-0.0156571,-0.00765745
1.16,-0.00959979,-0.014274,-0.0158501,-0.00786161
1.175,-0.0097412,-0.0144582,-0.0160512,-0.00807939
1.19,-0.00991207,-0.014618,-0.0162521,-0.00830201
1.205,-0.0101387,-0.014794,-0.0164238,-0.00849758
1.22,-0.0103601,-0.0150247,-0.0165937,-0.00868059
1.235,-0.0105222,-0.0152691,-0.0168142,-0.00889755
1.25,-0.0106507,-0.0154555,-0.0170665,-0.00913794
1.265,-0.0108012,-0.0155833,-0.0172642,-0.00933329
1.28,-0.0110018,-0.0157045,-0.0173879,-0.00946205
1.295,-0.0112374,-0.0158664,-0.0174891,-0.00956647
1.31,-0.0114475,-0.0160723,-0.0176225,-0.00969757
1.325,-0.011573,-0.016277,-0.0178122,-0.00988018
1.34,-0.0116566,-0.0164139,-0.0180344,-0.0100788
1.355,-0.0117263,-0.0164939,-0.0182024,-0.0102075
1.37,-0.0117844,-0.0165708,-0.0182571,-0.0102365
1.385,-0.0118798,-0.0166344,-0.0182693,-0.01025
1.4,-0.0119555,-0.0166963,-0.018291,-0.0102839
1.415,-0.0119077,-0.0167448,-0.0183238,-0.0103142
1.43,-0.0117063,-0.0166969,-0.0183724,-0.0103477
1.445,-0.0113758,-0.0165199,-0.0183426,-0.0103252
1.46,-0.011051,-0.0162164,-0.0181653,-0.0101852
1.475,-0.0108982,-0.0158516,-0.0178519,-0.00990707
1.49,-0.0108552,-0.015616,-0.0174355,-0.00952763
1.505,-0.0107527,-0.0155367,-0.0170636,-0.00920283
1.52,-0.0105693,-0.0154484,-0.0168777,-0.00907157
1.535,-0.010398,-0.0152205,-0.0168013,-0.00903275
1.55,-0.0103127,-0.0149583,-0.0166554,-0.00888814
1.565,-0.0103603,-0.0147774,-0.0164629,-0.00866781
1.58,-0.0105018,-0.0147517,-0.0162939,-0.00847099
1.595,-0.0107281,-0.0148701,-0.0162322,-0.00838338
1.61,-0.0110446,-0.0150717,-0.0163271,-0.00845882
1.625,-0.0113429,-0.0153533,-0.0165131,-0.00863037
1.64,-0.0115471,-0.0156973,-0.016773,-0.00885142
1.655,-0.0116297,-0.0159294,-0.0171,-0.00907159
1.67,-0.011595,-0.0160106,-0.017385,-0.00918206
1.685,-0.0115554,-0.0160048,-0.0175385,-0.00920541
1.7,-0.0115449,-0.0160064,-0.0175187,-0.00918733
1.715,-0.0114515,-0.0160941,-0.017395,-0.00917229
1.73,-0.0112104,-0.0161177,-0.0173931,-0.00923906
1.745,-0.0108698,-0.0159253,-0.0175367,-0.00936464
1.76,-0.0104624,-0.0155773,-0.0175383,-0.00936052
1.775,-0.00997873,-0.015207,-0.0172652,-0.00916116
1.79,-0.0094766,-0.0148689,-0.0168503,-0.00898951
1.805,-0.00898672,-0.0145192,-0.0164198,-0.008936
1.82,-0.00857874,-0.0140668,-0.0160733,-0.00887679
1.835,-0.00847489,-0.0135771,-0.0157737,-0.00872813
1.85,-0.00862535,-0.0133198,-0.0154124,-0.00842922
1.865,-0.00882724,-0.0133589,-0.0151037,-0.008089
1.88,-0.0089949,-0.0135647,-0.0150913,-0.0079736
1.895,-0.00924983,-0.0137941,-0.0153155,-0.00805079
1.91,-0.00959206,-0.0140651,-0.0155711,-0.00815397
1.925,-0.00992564,-0.014413,-0.0157876,-0.00825647
1.94,-0.0101166,-0.0147131,-0.0160756,-0.00837823
1.955,-0.010251,-0.0148451,-0.0163981,-0.00839716
1.97,-0.0105301,-0.0148546,-0.0166325,-0.00823772
1.985,-0.0107965,-0.0150596,-0.0166203,-0.00788233
2.0,-0.0108637,-0.0154236,-0.0164856,-0.00758891
2.01,-0.0107934,-0.0155869,-0.0164637,-0.00757572
2.02,-0.0106787,-0.0155992,-0.0165093,-0.00767649
2.03,-0.0105664,-0.0154482,-0.0165675,-0.00778794
2.04,-0.0104655,-0.0151832,-0.0165337,-0.00780456
2.05,-0.0103617,-0.014894,-0.0163851,-0.00771079
2.06,-0.0102312,-0.0146514,-0.0161842,-0.00759921
2.07,-0.0100506,-0.0144881,-0.0159905,-0.00754948
2.08,-0.00982948,-0.0143925,-0.0158244,-0.00758184
2.09,-0.00957588,-0.0143084,-0.0157145,-0.00771318
2.1,-0.00931897,-0.0141889,-0.0156809,-0.00794056
2.11,-0.00913121,-0.0140253,-0.0157014,-0.00822312
2.12,-0.00905232,-0.0138516,-0.0157341,-0.00847735
2.13,-0.0090517,-0.0137534,-0.0157379,-0.0086285
2.14,-0.00910656,-0.0137845,-0.0157145,-0.00867426
2.15,-0.00924034,-0.0139205,-0.0157293,-0.00870813
2.16,-0.00946806,-0.0141228,-0.0158442,-0.0088184
2.17,-0.00977556,-0.0143829,-0.0160575,-0.00900769
2.18,-0.0101428,-0.0147039,-0.0163462,-0.00924941
2.19,-0.0105535,-0.0150927,-0.0167023,-0.0095458
2.2,-0.0109936,-0.0155446,-0.0171153,-0.00989976
2.21,-0.0114591,-0.0160291,-0.0175571,-0.0102937
2.22,-0.0119703,-0.0165106,-0.0180148,-0.0107294
2.23,-0.0125606,-0.0169756,-0.0185044,-0.0111897
2.24,-0.0132456,-0.0174554,-0.0190289,-0.011626
2.25,-0.01399,-0.0180129,-0.0195703,-0.0120014
2.26,-0.0147171,-0.0186863,-0.0201159,-0.0123231
2.27,-0.0153629,-0.0194722,-0.0206781,-0.0126619
2.28,-0.0159011,-0.0203378,-0.0212845,-0.013126
2.29,-0.0163337,-0.0211452,-0.0219552,-0.0137344
2.3,-0.0166897,-0.0218021,-0.0226811,-0.0143953
2.31,-0.0170181,-0.022263,-0.0233976,-0.0149999
2.32,-0.0173697,-0.0225334,-0.0240133,-0.0154893
2.33,-0.0177526,-0.0227064,-0.0244741,-0.0158498
2.34,-0.018102,-0.0228878,-0.0247787,-0.0160941
2.35,-0.0183305,-0.0231268,-0.0249636,-0.0162804
2.36,-0.018415,-0.0234023,-0.0251002,-0.016499
2.37,-0.0184263,-0.0236254,-0.0252644,-0.0168072
2.38,-0.0184626,-0.0237468,-0.0254594,-0.0172018
2.39,-0.0185763,-0.0238165,-0.0256442,-0.0176281
2.4,-0.018767,-0.0238925,-0.0257943,-0.0180328
2.41,-0.0190031,-0.0240163,-0.0259348,-0.0184206
2.42,-0.019242,-0.0242152,-0.0260973,-0.0188176
2.43,-0.0194681,-0.0244656,-0.0262918,-0.0192307
2.44,-0.0196869,-0.0247224,-0.0265367,-0.0196665
2.45,-0.0199334,-0.0249658,-0.0268335,-0.0201126
2.46,-0.0202476,-0.0252179,-0.0271719,-0.0205371
2.47,-0.0206408,-0.0255222,-0.0275308,-0.0209368
2.48,-0.0210975,-0.0259123,-0.0278898,-0.0213356
2.49,-0.021611,-0.0263824,-0.0282671,-0.0217632
2.5,-0.0221792,-0.0269022,-0.0287184,-0.0222409
2.51,-0.0227868,-0.0274699,-0.0292717,-0.0227467
2.52,-0.0234344,-0.0280938,-0.0299031,-0.0232199
2.53,-0.0241316,-0.028755,-0.0305781,-0.0236257
2.54,-0.0248376,-0.0294491,-0.031262,-0.0239643
2.55,-0.0254942,-0.0301924,-0.0319125,-0.0242565
2.56,-0.0261009,-0.0309599,-0.0325076,-0.0245635
2.57,-0.0267002,-0.0316913,-0.0330757,-0.0249614
2.58,-0.0272961,-0.0323439,-0.0336397,-0.0254437
2.59,-0.0278519,-0.0329086,-0.0341891,-0.0259391
2.6,-0.0283334,-0.0333796,-0.0347176,-0.026401
2.61,-0.0287097,-0.0337416,-0.035238,-0.0268129
2.62,-0.0289618,-0.0340104,-0.0357227,-0.027152
2.63,-0.0290792,-0.0342175,-0.0361076,-0.027405
2.64,-0.0290663,-0.0343766,-0.0363528,-0.0275942
2.65,-0.028958,-0.0344792,-0.0364697,-0.0277587
2.66,-0.0288311,-0.0344932,-0.0364975,-0.0279253
2.67,-0.0287432,-0.0344017,-0.0364653,-0.0280881
2.68,-0.0286906,-0.0342474,-0.0363594,-0.0282034
2.69,-0.0286948,-0.0340875,-0.0361614,-0.0282479
2.7,-0.0287892,-0.0339426,-0.0359049,-0.0282592
2.71,-0.0289369,-0.033842,-0.0356625,-0.0282849
2.72,-0.0290809,-0.0338183,-0.0354921,-0.02835
2.73,-0.0292117,-0.0338458,-0.035439,-0.0284872
2.74,-0.0293628,-0.0338845,-0.0355299,-0.0287311
2.75,-0.0295743,-0.0339483,-0.0357368,-0.0290648
2.76,-0.0298632,-0.0341004,-0.0359934,-0.0294273
2.77,-0.030218,-0.0343952,-0.0362546,-0.029794
2.78,-0.0306269,-0.0348216,-0.0365506,-0.0301967
2.79,-0.0311126,-0.0353339,-0.0369373,-0.0306671
2.8,-0.0317176,-0.0359128,-0.0374402,-0.0311799
2.81,-0.0324338,-0.0365759,-0.038048,-0.0316601
2.82,-0.0331828,-0.037349,-0.0387385,-0.0320842
2.83,-0.0338685,-0.0382224,-0.0395089,-0.0325224
2.84,-0.0344413,-0.0391236,-0.0403624,-0.0330342
2.85,-0.034872,-0.0399342,-0.0412713,-0.0335957
2.86,-0.0351484,-0.0405814,-0.0421546,-0.0341352
2.87,-0.0352874,-0.0410338,-0.0428938,-0.0345954
2.88,-0.0353052,-0.0412785,-0.0434357,-0.0349348
2.89,-0.0351874,-0.0413479,-0.0437824,-0.0351307
2.9,-0.0349167,-0.0412592,-0.0439313,-0.0351715
2.91,-0.0344732,-0.0410112,-0.0438834,-0.0350516
2.92,-0.0338293,-0.0406014,-0.043625,-0.0347821
2.93,-0.0329578,-0.0400201,-0.0431337,-0.0343733
2.94,-0.0318526,-0.0392494,-0.0424276,-0.0338334
2.95,-0.0305229,-0.0382721,-0.041536,-0.033184
2.96,-0.0289841,-0.0370764,-0.0404595,-0.0324079
2.97,-0.0272522,-0.0356554,-0.0391852,-0.0314682
2.98,-0.0253424,-0.0340147,-0.0377072,-0.0303515
2.99,-0.0232643,-0.032169,-0.0360312,-0.0290601
3.0,-0.0210193,-0.030131,-0.0341892,-0.0275906
3.01,-0.0186123,-0.0279142,-0.0322214,-0.0259408
3.02,-0.0160429,-0.0255367,-0.0301465,-0.0241206
3.03,-0.013313,-0.0230192,-0.0279618,-0.0221391
3.04,-0.0104812,-0.0203838,-0.0256576,-0.0200022
3.05,-0.00765741,-0.0176572,-0.0232359,-0.0177176
3.06,-0.00489769,-0.0148719,-0.020713,-0.0152985
3.07,-0.00222552,-0.0120615,-0.0181152,-0.0127565
3.08,0.000356801,-0.009299,-0.0154685,-0.0101068
3.09,0.00286092,-0.006635,-0.0128025,-0.00735978
3.1,0.00530782,-0.00405237,-0.01014,-0.00453057
3.11,0.00769298,-0.00153127,-0.00745719,-0.00163565
3.12,0.010006,0.000948332,-0.00475164,0.00131458
3.13,0.0122559,0.00337865,-0.00205464,0.0042991
3.14,0.0144773,0.0057641,0.000696773,0.00727147
3.15,0.016729,0.00813795,0.00350401,0.0102457
3.16,0.0190439,0.0105617,0.00631074,0.0132594
3.17,0.0214145,0.0130966,0.00910486,0.0163089
3.18,0.0238308,0.0157387,0.0119177,0.0193932
3.19,0.0262965,0.0184626,0.0147899,0.0225064
3.2,0.0288134,0.021254,0.0177611,0.0256433
3.21,0.0313849,0.0241105,0.0208187,0.0288301
3.22,0.0340229,0.0270367,0.023928,0.0320637
3.23,0.0367269,0.0300371,0.0270713,0.0353394
3.24,0.0394821,0.0331181,0.0302506,0.0386495
3.25,0.0422798,0.0362689,0.0334844,0.0419724
3.26,0.0451163,0.039449,0.0367818,0.0452748
3.27,0.0479813,0.0426105,0.0401041,0.0485403
3.28,0.0508612,0.0457317,0.0433601,0.0517555
3.29,0.0537393,0.0488132,0.0464953,0.0549116
3.3,0.0565804,0.0518462,0.0495263,0.0579928
3.31,0.0593387,0.054826,0.0524958,0.0609969
3.32,0.0619865,0.0577593,0.0554118,0.0639253
3.33,0.0645128,0.0606144,0.058252,0.0667663
3.34,0.0669053,0.0633434,0.0609939,0.069503
3.35,0.0691495,0.0659107,0.0636101,0.0721251
3.36,0.0712387,0.0682889,0.0660799,0.074634
3.37,0.0731533,0.0704651,0.0684053,0.0770258
3.38,0.0748438,0.0724344,0.0705661,0.0792877
3.39,0.0762726,0.0741933,0.072534,0.0814047
3.4,0.0774393,0.0757463,0.0743057,0.0833552
3.41,0.0783719,0.0770895,0.075886,0.0851255
3.42,0.0791131,0.0782139,0.0772781,0.0867105
3.43,0.0796771,0.0791141,0.0784731,0.0881071
3.44,0.080055,0.0797982,0.079461,0.0893134
3.45,0.0802473,0.0802861,0.0802393,0.0903283
3.46,0.0802846,0.0806072,0.0808018,0.0911579
3.47,0.0802471,0.0807839,0.0811452,0.0918128
3.48,0.0802725,0.0808311,0.0812768,0.0923008
3.49,0.0805327,0.0807779,0.0812179,0.0926279
3.5,0.0809787,0.0806691,0.081,0.0928104
3.51,0.0814548,0.08063,0.0806728,0.0928797
3.52,0.0819172,0.0807713,0.0803384,0.0928843
3.53,0.0823358,0.0809932,0.0801479,0.0929529
3.54,0.082669,0.0811803,0.0801643,0.0932231
3.55,0.0829381,0.0813263,0.0802915,0.09358
3.56,0.083122,0.0814428,0.0803664,0.0938061
3.57,0.083228,0.0815387,0.0803899,0.0938616
3.58,0.0833131,0.0816108,0.0804021,0.0937344
3.59,0.0834705,0.0816472,0.0803983,0.0934833
3.6,0.0837693,0.0816867,0.080385,0.0931465
3.61,0.0842188,0.0817903,0.0803284,0.0926664
3.62,0.0848254,0.0820272,0.0802286,0.0920637
3.63,0.0855977,0.0824145,0.0801495,0.0913799
3.64,0.0865602,0.0829349,0.0802027,0.0907016
3.65,0.0877007,0.0835709,0.0804627,0.0901192
3.66,0.0889846,0.0843164,0.0808989,0.0896886
3.67,0.0903706,0.085172,0.0814487,0.0894086
3.68,0.0917666,0.0861101,0.0820827,0.0892488
3.69,0.0929879,0.0870776,0.0827928,0.0892014
3.7,0.093943,0.0880188,0.0835612,0.0893255
3.71,0.0946949,0.0888845,0.0843539,0.0896293
3.72,0.0951937,0.0895494,0.0851316,0.0900865
3.73,0.0953816,0.0899831,0.0858619,0.0906454
3.74,0.095265,0.0902282,0.0864797,0.091273
3.75,0.094866,0.0902051,0.0868905,0.0919079
3.76,0.0942241,0.0898974,0.0870624,0.0924302
3.77,0.0933639,0.089358,0.086978,0.0927613
3.78,0.0922826,0.0886183,0.0865669,0.0928577
3.79,0.0909676,0.0876693,0.0858193,0.0926842
3.8,0.089416,0.0864889,0.0847552,0.0922331
3.81,0.0876699,0.085053,0.0833924,0.0915
3.82,0.085784,0.0833464,0.0817607,0.090458
3.83,0.0837741,0.0813833,0.0798928,0.0891183
3.84,0.0816038,0.0791951,0.077819,0.0875117
3.85,0.0792571,0.0768214,0.0755481,0.0856568
3.86,0.0767414,0.074286,0.0730961,0.0835711
3.87,0.0740618,0.0715915,0.0705072,0.0812666
3.88,0.0711925,0.068747,0.0678235,0.0787509
3.89,0.0681105,0.0657844,0.0650611,0.0760555
3.9,0.0648278,0.0627159,0.0622082,0.0732047
3.91,0.0613815,0.0595444,0.0592329,0.0701654
3.92,0.0578167,0.0562764,0.0561152,0.0669227
3.93,0.0541918,0.052902,0.0528554,0.0635184
3.94,0.050675,0.0494162,0.0494424,0.0599893
3.95,0.0473959,0.0458471,0.0458598,0.0563274
3.96,0.0442935,0.0422641,0.0420889,0.0525323
3.97,0.0413685,0.0388585,0.0381192,0.0486567
3.98,0.038641,0.0357286,0.0341012,0.0448093
3.99,0.0360927,0.0327514,0.0303236,0.0411009
4.0,0.0337521,0.0299161,0.0268969,0.0375894
4.01,0.0316313,0.0272254,0.0237165,0.034272
4.02,0.0297072,0.0246757,0.0207081,0.0311361
4.03,0.027974,0.022261,0.0179099,0.0282034
4.04,0.0264498,0.0200305,0.0153782,0.0254816
4.05,0.0251528,0.0180062,0.013097,0.0229567
4.06,0.024103,0.0161901,0.0110733,0.02062
4.07,0.0233216,0.0146111,0.00933088,0.0184928
4.08,0.0228095,0.0133106,0.00786279,0.0165967
4.09,0.0225559,0.012309,0.00665901,0.0149348
4.1,0.0225755,0.0116161,0.00571034,0.01352
4.11,0.0228929,0.0112391,0.00497845,0.0123771
4.12,0.0235185,0.0111783,0.0044223,0.0115189
4.13,0.0244527,0.0114147,0.00405193,0.0109528
4.14,0.0257149,0.0119186,0.00392091,0.0106847
4.15,0.0273227,0.0126735,0.00407529,0.0107125
4.16,0.0292448,0.01368,0.00453367,0.0110219
4.17,0.0312853,0.014933,0.00529984,0.0116141
4.18,0.0331306,0.0164351,0.00636146,0.012482
4.19,0.0347314,0.0181556,0.00770313,0.0136068
4.2,0.0361479,0.0199055,0.00930731,0.0149631
4.21,0.037348,0.0214225,0.0111575,0.0165299
4.22,0.0383143,0.0227668,0.0132004,0.0182504
4.23,0.0390808,0.0239106,0.0152164,0.0198925
4.24,0.0396646,0.0248397,0.0169034,0.0212771
4.25,0.0400621,0.0255865,0.0183038,0.0224568
4.26,0.0402709,0.0261495,0.0194138,0.023482
4.27,0.0402944,0.0265297,0.0202479,0.0243099
4.28,0.0401382,0.02671,0.0208036,0.0249266
4.29,0.0398086,0.0266889,0.0210654,0.0253571
4.3,0.0392995,0.0264767,0.0210758,0.0255583
4.31,0.0386032,0.0260746,0.0208289,0.0255184
4.32,0.0377146,0.0254653,0.0203531,0.0252417
4.33,0.0366203,0.0246233,0.0196507,0.0247094
4.34,0.0353107,0.0235256,0.0187281,0.0239109
4.35,0.0338433,0.0221855,0.0175775,0.0228422
4.36,0.0324513,0.0206414,0.0161707,0.021504
4.37,0.0313146,0.018982,0.0144758,0.0199511
4.38,0.0303566,0.0173774,0.0124982,0.0183452
4.39,0.0295732,0.0160546,0.0103934,0.0169415
4.4,0.0290179,0.0150603,0.00855469,0.0158546
4.41,0.0286489,0.0142649,0.00715656,0.0150265
4.42,0.028489,0.0136801,0.00612216,0.0144271
4.43,0.0285769,0.0133646,0.00546283,0.0141285
4.44,0.0288889,0.0133233,0.00523851,0.0141442
4.45,0.029421,0.0135901,0.00540238,0.0144788
4.46,0.0301871,0.0142084,0.00593731,0.0151848
4.47,0.0312021,0.0151709,0.00684927,0.0162206
4.48,0.0324957,0.0164735,0.00809852,0.017498
4.49,0.0340764,0.0181208,0.00966416,0.0190567
4.5,0.0359222,0.0200672,0.0115494,0.0208803
4.51,0.0379843,0.0222792,0.0137484,0.022956
4.52,0.04019,0.0247378,0.0162679,0.0252499
4.53,0.0424731,0.0273688,0.0190759,0.0276847
4.54,0.04477,0.0300765,0.0220614,0.0301808
4.55,0.0470103,0.0327846,0.025129,0.0326546
4.56,0.0491196,0.0354624,0.0281784,0.0351098
4.57,0.051072,0.0380509,0.0311333,0.0375887
4.58,0.0529021,0.0404756,0.0339794,0.040075
4.59,0.0546232,0.0427436,0.0366832,0.0424939
4.6,0.0561815,0.0448488,0.0391788,0.0447679
4.61,0.0575468,0.04675,0.0414369,0.0468549
4.62,0.0587468,0.0484066,0.0434339,0.0487259
4.63,0.0598116,0.049809,0.045148,0.0503768
4.64,0.0607499,0.0509656,0.0465742,0.0518234
4.65,0.061558,0.0518737,0.0477178,0.0530777
4.66,0.0622349,0.0525361,0.0485839,0.0541415
4.67,0.0627558,0.0529716,0.0491867,0.0550158
4.68,0.063092,0.0532137,0.0495582,0.0557361
4.69,0.0632371,0.0532864,0.0497116,0.0563274
4.7,0.0632009,0.0532011,0.0496417,0.0567718
4.71,0.0629923,0.0529571,0.0493486,0.0570271
4.72,0.0626204,0.052552,0.0488437,0.0570584
4.73,0.0621103,0.0520229,0.0481646,0.0568696
4.74,0.0615037,0.0514346,0.0473639,0.056505
4.75,0.0608298,0.0508278,0.046494,0.0560599
4.76,0.0601088,0.0502317,0.0456272,0.0556043
4.77,0.0593981,0.0496673,0.0448255,0.0551125
4.78,0.0587887,0.0491382,0.0441102,0.0545501
4.79,0.0583018,0.0486422,0.0434769,0.0539182
4.8,0.0578938,0.0482176,0.0429003,0.053209
4.81,0.0575815,0.0478727,0.0423677,0.0524757
4.82,0.0573803,0.0475507,0.0419308,0.0518143
4.83,0.0572624,0.0472484,0.0416204,0.0512672
4.84,0.0572148,0.0470155,0.0413544,0.050811
4.85,0.0572534,0.0468507,0.0410778,0.0503771
4.86,0.0573564,0.0467149,0.0408493,0.0499417
4.87,0.0574853,0.0466031,0.0407019,0.0495159
4.88,0.057612,0.0465245,0.0406136,0.0490834
4.89,0.0577083,0.0464706,0.0405542,0.0486436
4.9,0.0577226,0.0464294,0.0404679,0.0482217
4.91,0.0576271,0.0463628,0.0403231,0.0478215
4.92,0.0574398,0.0462064,0.040123,0.0474197
4.93,0.0571869,0.0458994,0.0398567,0.0469606
4.94,0.0569024,0.0454248,0.0394987,0.0463902
4.95,0.0566337,0.0448107,0.0390229,0.0456687
4.96,0.0564303,0.0441296,0.03841,0.0448006
4.97,0.0562723,0.0434711,0.0376645,0.0438335
4.98,0.0560395,0.0429108,0.0368572,0.0428611
4.99,0.0556515,0.0424555,0.0360981,0.0419592
5.0,0.0550885,0.0419984,0.035455,0.0411627
5.01,0.0543553,0.0414068,0.034914,0.0404826
5.02,0.0534963,0.0406721,0.0343638,0.0398892
5.03,0.052562,0.0398252,0.0337011,0.0393189
5.04,0.0515787,0.0389186,0.0328868,0.0387028
5.05,0.0505401,0.0380045,0.0319624,0.0380545
5.06,0.0494128,0.0370851,0.0309813,0.0374507
5.07,0.0481665,0.0361086,0.0299661,0.0368584
5.08,0.0467686,0.0350441,0.0289075,0.0362023
5.09,0.045216,0.0339063,0.0278002,0.0354492
5.1,0.0435203,0.0326903,0.0266604,0.0345825
5.11,0.0416894,0.0313622,0.025484,0.0336166
5.12,0.0397344,0.0298907,0.0242317,0.0325625
5.13,0.037684,0.0282463,0.022869,0.0313837
5.14,0.0355823,0.0264286,0.0213728,0.0300417
5.15,0.033474,0.0244518,0.0197217,0.0285257
5.16,0.031421,0.0223385,0.017912,0.0268227
5.17,0.029462,0.0201392,0.0159503,0.0249177
5.18,0.0276255,0.0179689,0.0138419,0.0228259
5.19,0.0259302,0.0159393,0.0116041,0.020623
5.2,0.0243946,0.014081,0.00935407,0.0184527
5.21,0.0230421,0.0124069,0.00725875,0.0164483
5.22,0.0218662,0.0109052,0.00540635,0.0146507
5.23,0.0208415,0.00954639,0.00382767,0.0130579
5.24,0.0199371,0.00831294,0.00249865,0.0116626
5.25,0.0191175,0.00719089,0.00139491,0.0104361
5.26,0.0183529,0.00616711,0.000449403,0.00931088
5.27,0.017646,0.00524901,-0.000434489,0.00822139
5.28,0.0170106,0.00444783,-0.00131391,0.00713991
5.29,0.0164193,0.00376489,-0.00218954,0.00607495
5.3,0.0158053,0.00317889,-0.00303943,0.00503374
5.31,0.0151753,0.00261561,-0.0038324,0.00399833
5.32,0.0146017,0.00200638,-0.00456634,0.00294419
5.33,0.0141103,0.00134339,-0.00529985,0.00184748
5.34,0.0136641,0.000664923,-0.00609779,0.000665264
5.35,0.0131809,1.79067e-06,-0.00697471,-0.000623348
5.36,0.0125866,-0.000666715,-0.00787972,-0.00196228
5.37,0.0118539,-0.00138587,-0.0087692,-0.003268
5.38,0.0110122,-0.00219319,-0.00965953,-0.00450767
5.39,0.0101436,-0.00310611,-0.0105992,-0.00570276
5.4,0.00935039,-0.00410649,-0.0116454,-0.00687803
5.41,0.00865229,-0.00512931,-0.0128125,-0.00803827
5.42,0.00798405,-0.00609752,-0.014025,-0.00913491
5.43,0.00726755,-0.00700112,-0.0151621,-0.0100861
5.44,0.0064493,-0.00788786,-0.0161291,-0.0108246
5.45,0.0055192,-0.00881122,-0.0168978,-0.011336
5.46,0.00449922,-0.00980018,-0.0175095,-0.0116656
5.47,0.00343149,-0.0108082,-0.0180727,-0.0118757
5.48,0.00237497,-0.0117689,-0.0186699,-0.0120472
5.49,0.00137646,-0.0126275,-0.0193013,-0.0122524
5.5,0.000471879,-0.0133384,-0.0199358,-0.0125328
5.51,-0.000282664,-0.0138961,-0.0205371,-0.0128659
5.52,-0.00083714,-0.0143191,-0.0210486,-0.0131854
5.53,-0.00118488,-0.0146129,-0.0214166,-0.0134692
5.54,-0.00135431,-0.0147828,-0.021619,-0.0136785
5.55,-0.00137503,-0.0148305,-0.0216407,-0.0137982
5.56,-0.00126668,-0.0147439,-0.0214858,-0.0138314
5.57,-0.00104091,-0.0145183,-0.0211801,-0.0137252
5.58,-0.000703773,-0.0141552,-0.020757,-0.0134566
5.59,-0.000278768,-0.0136597,-0.0202485,-0.0130177
5.6,0.000202054,-0.0130589,-0.0196764,-0.0124375
5.61,0.000748514,-0.0123936,-0.0190519,-0.0117464
5.62,0.00137674,-0.0116848,-0.0183766,-0.0110003
5.63,0.00203901,-0.010915,-0.0176548,-0.0102563
5.64,0.00268077,-0.0100682,-0.0169121,-0.00951718
5.65,0.00327991,-0.00918208,-0.0161489,-0.00875956
5.66,0.00384151,-0.0083416,-0.0153197,-0.00798853
5.67,0.00438265,-0.00760849,-0.0144311,-0.00723966
5.68,0.0048668,-0.00700864,-0.0135725,-0.006559
5.69,0.00524373,-0.00655096,-0.0128397,-0.00599241
5.7,0.0054772,-0.00621869,-0.0122971,-0.00558315
5.71,0.00553822,-0.006006,-0.0119751,-0.00535565
5.72,0.00540929,-0.00592134,-0.0118511,-0.0053034
5.73,0.00509962,-0.00598916,-0.0118948,-0.0053881
5.74,0.00464942,-0.0062384,-0.012085,-0.00558504
5.75,0.00410294,-0.006661,-0.0124073,-0.00588834
5.76,0.00348711,-0.00722675,-0.0128659,-0.00627462
5.77,0.0028085,-0.00788628,-0.0134475,-0.0067169
5.78,0.00209439,-0.00860888,-0.0141107,-0.00717248
5.79,0.00138308,-0.00936859,-0.0148065,-0.00761055
5.8,0.000701973,-0.0101325,-0.0155161,-0.00803811
5.81,5.98854e-05,-0.0108678,-0.0162534,-0.00846703
5.82,-0.000528385,-0.0115575,-0.0170078,-0.00890969
5.83,-0.00104191,-0.0121947,-0.0177504,-0.00936277
5.84,-0.00145933,-0.0127743,-0.0184535,-0.00981882
5.85,-0.00176275,-0.0132885,-0.0190975,-0.0102622
5.86,-0.00194389,-0.0137292,-0.0196776,-0.0106885
5.87,-0.00199002,-0.0140741,-0.0201819,-0.0111057
5.88,-0.0018797,-0.0143017,-0.0205833,-0.0115096
5.89,-0.00160775,-0.014399,-0.0208473,-0.011881
5.9,-0.00118927,-0.0143545,-0.0209566,-0.0121995
5.91,-0.000639891,-0.0141533,-0.0209214,-0.0124501
5.92,3.49746e-05,-0.0137858,-0.0207608,-0.012617
5.93,0.000839562,-0.0132489,-0.0204908,-0.0126851
5.94,0.00176501,-0.0125462,-0.0201129,-0.0126333
5.95,0.00277069,-0.0116926,-0.0195989,-0.0124436
5.96,0.00378964,-0.010718,-0.0189136,-0.0121047
5.97,0.00473837,-0.00967371,-0.0180369,-0.011615
5.98,0.00557646,-0.00864876,-0.0169774,-0.0109867
5.99,0.00629999,-0.0077321,-0.0158132,-0.0102699
6.0,0.00689709,-0.00692887,-0.0146944,-0.00953051
6.01,0.00738345,-0.00623047,-0.0137334,-0.00882673
6.02,0.00779214,-0.00563923,-0.0129206,-0.00818944
6.03,0.00813995,-0.00513674,-0.0122329,-0.00761055
6.04,0.00844227,-0.004707,-0.011672,-0.00708295
6.05,0.00871698,-0.00434774,-0.011219,-0.00658966
6.06,0.0089803,-0.00405041,-0.0108579,-0.00610063
6.07,0.00923207,-0.00379701,-0.0105755,-0.00559984
6.08,0.00944356,-0.00357279,-0.010353,-0.00507217
6.09,0.00958228,-0.00337896,-0.0101642,-0.00449743
6.1,0.0096405,-0.0032149,-0.00997617,-0.00387445
6.11,0.00963312,-0.0030889,-0.00976652,-0.00320716
6.12,0.00958666,-0.00300534,-0.00953745,-0.00249677
6.13,0.00954753,-0.00295461,-0.00930669,-0.00175297
6.14,0.00956917,-0.00291196,-0.0090822,-0.000991995
6.15,0.00967153,-0.00283887,-0.00885924,-0.000228191
6.16,0.00985523,-0.00268095,-0.00861891,0.000515855
6.17,0.0101069,-0.00238571,-0.00831687,0.00122269
6.18,0.0103954,-0.00194523,-0.00790308,0.00189577
6.19,0.0106964,-0.00139019,-0.00734722,0.00254866
6.2,0.0110122,-0.000759763,-0.00665533,0.00318293
6.21,0.0113611,-8.93216e-05,-0.00588358,0.00378559
6.22,0.0117647,0.000592066,-0.00510541,0.00433424
6.23,0.0122338,0.00127479,-0.00437753,0.00481482
6.24,0.0127788,0.00196047,-0.00372054,0.00521205
6.25,0.0134108,0.00264489,-0.00312453,0.00551314
6.26,0.0141122,0.00331437,-0.00256053,0.00573445
6.27,0.0148344,0.00395018,-0.00200194,0.00593208
6.28,0.0155392,0.00452339,-0.00144094,0.00616993
6.29,0.0162127,0.00501635,-0.000885669,0.00644306
6.3,0.0168491,0.005445,-0.000372748,0.00669858
6.31,0.0174425,0.00583619,4.35483e-05,0.00691472
6.32,0.0179696,0.00620012,0.000341479,0.00707917
6.33,0.0184004,0.00653124,0.00053209,0.00718037
6.34,0.0187112,0.00681391,0.000631679,0.00722644
6.35,0.0188926,0.00701266,0.000655159,0.00722637
6.36,0.0189502,0.00709091,0.000610126,0.00719329
6.37,0.0189042,0.00703919,0.000493213,0.00711502
6.38,0.0187782,0.00687094,0.000296354,0.00695268
6.39,0.0185864,0.00660376,1.78004e-05,0.00668854
6.4,0.0183264,0.00624206,-0.000330416,0.00634504
6.41,0.017982,0.005784,-0.000729601,0.00595357
6.42,0.0175457,0.00523293,-0.00116817,0.00553199
6.43,0.0170083,0.00459435,-0.00166261,0.00507404
6.44,0.0163459,0.00388636,-0.00223607,0.00456669
6.45,0.0155386,0.00314224,-0.00290739,0.00401008
6.46,0.0145986,0.00238057,-0.00368087,0.00341126
6.47,0.0135908,0.00159775,-0.00453036,0.00277606
6.48,0.0125852,0.000790754,-0.00542642,0.00210844
6.49,0.0115815,-3.80357e-05,-0.00633832,0.00141565
6.5,0.0105513,-0.000905586,-0.00724212,0.000698811
6.51,0.00950066,-0.00184556,-0.00813525,-5.0658e-05
6.52,0.00845069,-0.00287366,-0.00903128,-0.000851516
6.53,0.00741153,-0.00396315,-0.00994717,-0.00173242
6.54,0.00638513,-0.00506497,-0.0109153,-0.00270537
6.55,0.00537691,-0.00613637,-0.0119646,-0.00376114
6.56,0.00440335,-0.00716459,-0.0130739,-0.00487853
6.57,0.00349005,-0.00815572,-0.0141834,-0.00600925
6.58,0.00265698,-0.00910432,-0.015239,-0.00709548
6.59,0.00191801,-0.0100006,-0.016232,-0.00812806
6.6,0.00128564,-0.0108357,-0.0171688,-0.0091407
6.61,0.000771355,-0.0115987,-0.0180416,-0.0101366
6.62,0.000379859,-0.0122705,-0.0188366,-0.0110951
6.63,0.00011322,-0.0128336,-0.0195408,-0.0119931
6.64,-2.05517e-05,-0.0132768,-0.0201502,-0.0127884
6.65,-1.97307e-05,-0.0135887,-0.0206632,-0.0134492
6.66,0.000117948,-0.0137622,-0.0210701,-0.0139683
6.67,0.000386433,-0.01379,-0.0213552,-0.0143467
6.68,0.000761368,-0.0136736,-0.0215017,-0.0145857
6.69,0.00122287,-0.0134342,-0.0214955,-0.0146908
6.7,0.00174685,-0.0130945,-0.0213291,-0.0146698
6.71,0.00232297,-0.0126734,-0.0210116,-0.0145459
6.72,0.00293415,-0.0121918,-0.0205669,-0.0143323
6.73,0.00355594,-0.0116674,-0.0200205,-0.0140187
6.74,0.00416793,-0.0110945,-0.019408,-0.0136128
6.75,0.0047783,-0.0104682,-0.0187601,-0.013144
6.76,0.0053822,-0.00981265,-0.0180779,-0.0126118
6.77,0.00596179,-0.00914445,-0.0173647,-0.0120139
6.78,0.00652605,-0.00847295,-0.0166423,-0.011363
6.79,0.00707641,-0.00781138,-0.0159264,-0.0106655
6.8,0.00760357,-0.00716596,-0.0152148,-0.00991759
6.81,0.00808876,-0.00654037,-0.0144975,-0.00911131
6.82,0.00851047,-0.00594069,-0.0137706,-0.00824536
6.83,0.00885871,-0.00536984,-0.0130323,-0.0073238
6.84,0.00913134,-0.00482537,-0.0122934,-0.0063598
6.85,0.00932902,-0.00431003,-0.0115673,-0.0053719
6.86,0.0094562,-0.00383422,-0.0108554,-0.00437038
6.87,0.00951863,-0.00340316,-0.0101611,-0.0033668
6.88,0.00951513,-0.00300991,-0.00949879,-0.00237239
6.89,0.00945643,-0.00265376,-0.00888365,-0.00139456
6.9,0.00937074,-0.00233752,-0.00831895,-0.00045461
6.91,0.00929566,-0.00206069,-0.00779876,0.000410969
6.92,0.00926328,-0.00182171,-0.00731925,0.00117436
6.93,0.00928573,-0.00160616,-0.00688391,0.00183584
6.94,0.00936591,-0.00138153,-0.00649414,0.00240938
6.95,0.00951002,-0.00112104,-0.00614719,0.00290292
6.96,0.00973177,-0.000814289,-0.00583649,0.00333908
6.97,0.0100507,-0.000463795,-0.00555036,0.0037385
6.98,0.0104829,-8.02238e-05,-0.00526876,0.0041058
6.99,0.0110313,0.00033963,-0.00496838,0.00445515
7.0,0.0116685,0.000809995,-0.00463154,0.00479392
7.01,0.0123532,0.00133104,-0.004245,0.00511921
7.02,0.0130556,0.00189307,-0.00379628,0.00543552
7.03,0.0137561,0.00247882,-0.00329146,0.00575906
7.04,0.0144463,0.00307043,-0.00276417,0.00609315
7.05,0.0151212,0.00365698,-0.00225883,0.00640564
7.06,0.015772,0.00422936,-0.00180417,0.00666116
7.07,0.0163884,0.00477221,-0.00140222,0.00684541
7.08,0.0169534,0.00527101,-0.00104177,0.00695044
7.09,0.0174451,0.00571142,-0.00071611,0.00696667
7.1,0.0178574,0.00607547,-0.000434675,0.00689133
7.11,0.0181899,0.00634428,-0.000215091,0.00673698
7.12,0.0184388,0.00650293,-7.02932e-05,0.00651535
7.13,0.0186029,0.00654286,-1.61633e-05,0.00623959
7.14,0.0186759,0.00646254,-7.57731e-05,0.00590487
7.15,0.0186549,0.00626578,-0.000262366,0.00549733
7.16,0.0185305,0.00596243,-0.000574505,0.00501235
7.17,0.0182928,0.0055656,-0.00100459,0.00448667
7.18,0.0179377,0.00508653,-0.00154283,0.00398879
7.19,0.0174512,0.00453308,-0.00216645,0.0035492
7.2,0.0168296,0.00391137,-0.00284008,0.00312654
7.21,0.0160944,0.00322618,-0.00354041,0.00268597
7.22,0.0152642,0.0024822,-0.00426967,0.00222933
7.23,0.0143622,0.00168697,-0.00503808,0.00174977
7.24,0.013422,0.000857211,-0.00583818,0.001239
7.25,0.0124629,4.99474e-06,-0.00664408,0.00070422
7.26,0.0115065,-0.000863648,-0.00743516,0.000152452
7.27,0.0105887,-0.00173841,-0.00821139,-0.000417112
7.28,0.00973184,-0.0025999,-0.00898265,-0.00101727
7.29,0.00893453,-0.00342633,-0.00975443,-0.00165442
7.3,0.00818964,-0.00419896,-0.0105201,-0.0023145
7.31,0.00749724,-0.00490909,-0.0112548,-0.00297081
7.32,0.00686066,-0.00556232,-0.0119319,-0.00359751
7.33,0.00628711,-0.00616294,-0.0125388,-0.00418059
7.34,0.00578888,-0.00670655,-0.01308,-0.00472126
7.35,0.00537507,-0.00717978,-0.013566,-0.0052265
7.36,0.00506312,-0.00756251,-0.013992,-0.00568865
7.37,0.00486983,-0.00783304,-0.0143459,-0.00610189
7.38,0.00479706,-0.00798332,-0.0146223,-0.00646447
7.39,0.00484995,-0.00801767,-0.0148145,-0.00677067
7.4,0.0050376,-0.00794255,-0.0149101,-0.00700603
7.41,0.00536235,-0.00776661,-0.0148963,-0.00715582
7.42,0.00581867,-0.00749561,-0.0147678,-0.00721232
7.43,0.00637939,-0.00713134,-0.014528,-0.00717341
7.44,0.00698008,-0.00667943,-0.0141785,-0.00704109
7.45,0.00755187,-0.0061666,-0.0137191,-0.00682711
7.46,0.00806213,-0.00564429,-0.0131758,-0.00655494
7.47,0.00852065,-0.00516265,-0.0126008,-0.00624123
7.48,0.0089566,-0.00474201,-0.0120392,-0.00588319
7.49,0.00938737,-0.00436161,-0.0115254,-0.00549197
7.5,0.00981406,-0.00398891,-0.0110854,-0.00511281
7.51,0.0102021,-0.00359516,-0.0107109,-0.00476749
7.52,0.0105114,-0.00317946,-0.0103578,-0.00441916
7.53,0.010726,-0.00278705,-0.00998763,-0.00403314
7.54,0.0108447,-0.00247371,-0.0096064,-0.00361114
7.55,0.0108661,-0.00226237,-0.00926273,-0.0031751
7.56,0.0107876,-0.00214785,-0.0090093,-0.00277066
7.57,0.0106083,-0.00212372,-0.00886233,-0.00243364
7.58,0.0103288,-0.00218493,-0.00880582,-0.00216543
7.59,0.0099547,-0.0023287,-0.00882883,-0.00195524
7.6,0.00949139,-0.00256248,-0.00892895,-0.00180268
7.61,0.0089433,-0.00288941,-0.00910184,-0.00170836
7.62,0.00831066,-0.00330333,-0.00933639,-0.00167265
7.63,0.00759257,-0.00379536,-0.0096311,-0.00170475
7.64,0.00681541,-0.00435781,-0.00998976,-0.00180836
7.65,0.00604342,-0.00497963,-0.0104056,-0.00198324
7.66,0.00532792,-0.00564661,-0.010882,-0.00224455
7.67,0.00466458,-0.0063249,-0.0114303,-0.00260535
7.68,0.00405616,-0.00694831,-0.0120573,-0.00306242
7.69,0.0035242,-0.00749139,-0.0127354,-0.00359501
7.7,0.00307716,-0.00798893,-0.0133903,-0.00417688
7.71,0.00271735,-0.00843236,-0.0139714,-0.00477495
7.72,0.00244211,-0.0088066,-0.0145026,-0.00535973
7.73,0.00224131,-0.00911553,-0.0149882,-0.00593125
7.74,0.00211362,-0.00936754,-0.0154081,-0.00648223
7.75,0.00205573,-0.00957294,-0.0157535,-0.0069943
7.76,0.00205975,-0.0097491,-0.0160189,-0.00745568
7.77,0.0021062,-0.00990523,-0.0162066,-0.0078639
7.78,0.00217221,-0.0100343,-0.016343,-0.00824202
7.79,0.00224953,-0.0101305,-0.0164723,-0.00863569
7.8,0.00234264,-0.010192,-0.0166297,-0.00907098
7.81,0.00246207,-0.0102219,-0.0168254,-0.00954552
7.82,0.00261798,-0.0102324,-0.0170483,-0.0100468
7.83,0.00279906,-0.0102361,-0.0172811,-0.0105546
7.84,0.00297101,-0.0102421,-0.017511,-0.0110489
7.85,0.00309399,-0.0102614,-0.0177207,-0.0115082
7.86,0.00315578,-0.010318,-0.0178915,-0.0119168
7.87,0.00315926,-0.010448,-0.0180299,-0.012266
7.88,0.00309621,-0.0106683,-0.0181745,-0.0125628
7.89,0.002961,-0.0109556,-0.0183812,-0.0128327
7.9,0.00275113,-0.0112832,-0.018685,-0.0131042
7.91,0.00245608,-0.0116413,-0.0190692,-0.0133774
7.92,0.00207031,-0.0120183,-0.0194758,-0.0136223
7.93,0.00159358,-0.0124058,-0.0198532,-0.0138151
7.94,0.00101694,-0.0128128,-0.0201833,-0.0139509
7.95,0.000339171,-0.0132554,-0.0204848,-0.0140349
7.96,-0.000438807,-0.013746,-0.0207906,-0.0140899
7.97,-0.00132378,-0.0142987,-0.0211239,-0.0141806
7.98,-0.00232955,-0.0149277,-0.0215027,-0.0143663
7.99,-0.00346662,-0.0156501,-0.0219459,-0.0146432
8.0,-0.00471754,-0.0164886,-0.0224741,-0.015002
8.01,-0.0060109,-0.0174425,-0.0231093,-0.015465
8.02,-0.00724753,-0.018486,-0.0238741,-0.0160618
8.03,-0.00839029,-0.019565,-0.0247752,-0.016795
8.04,-0.00946144,-0.0205983,-0.0257918,-0.0176444
8.05,-0.0104615,-0.0215609,-0.0268715,-0.0185624
8.06,-0.0113905,-0.0224841,-0.0279275,-0.0194722
8.07,-0.012264,-0.023377,-0.0289122,-0.0203295
8.08,-0.0130857,-0.0242368,-0.0298504,-0.0211488
8.09,-0.0138489,-0.0250688,-0.0307451,-0.0219495
8.1,-0.0145447,-0.0258618,-0.0315887,-0.0227318
8.11,-0.0151675,-0.0265947,-0.0323974,-0.0235046
8.12,-0.0156903,-0.0272563,-0.0331836,-0.0242838
8.13,-0.0160878,-0.0278373,-0.0339394,-0.0250694
8.14,-0.0163465,-0.0283212,-0.0346438,-0.0258503
8.15,-0.0164554,-0.0286946,-0.0352612,-0.0265985
8.16,-0.0164284,-0.0289569,-0.0357484,-0.0272789
8.17,-0.0162981,-0.0291208,-0.0360784,-0.0278698
8.18,-0.0161253,-0.0291983,-0.03625,-0.0283605
8.19,-0.0159729,-0.0292112,-0.0362912,-0.0287628
8.2,-0.015857,-0.0291949,-0.0362562,-0.029112
8.21,-0.0157706,-0.0291769,-0.0362116,-0.0294541
8.22,-0.0157215,-0.0291676,-0.0362188,-0.0298085
8.23,-0.0157129,-0.0291711,-0.0363097,-0.0301614
8.24,-0.0157427,-0.0292019,-0.0364635,-0.0304956
8.25,-0.0158194,-0.0292744,-0.0366425,-0.0308103
8.26,-0.0159515,-0.0293931,-0.0368345,-0.031115
8.27,-0.0161515,-0.0295737,-0.0370463,-0.0314104
8.28,-0.0164262,-0.029841,-0.0372798,-0.0316822
8.29,-0.0167715,-0.0302013,-0.0375289,-0.0319217
8.3,-0.0171912,-0.0306501,-0.0378043,-0.0321433
8.31,-0.0176965,-0.0311765,-0.038138,-0.0323776
8.32,-0.018285,-0.0317621,-0.0385539,-0.0326434
8.33,-0.0189221,-0.032378,-0.0390566,-0.0329375
8.34,-0.0195767,-0.0329911,-0.0396341,-0.0332525
8.35,-0.0202466,-0.0335741,-0.0402554,-0.03358
8.36,-0.0209476,-0.0341216,-0.0408707,-0.0338886
8.37,-0.0216918,-0.0346578,-0.0414255,-0.0341401
8.38,-0.022469,-0.0352154,-0.0418971,-0.034324
8.39,-0.0232603,-0.0358086,-0.042311,-0.0344682
8.4,-0.0240434,-0.0364307,-0.0427038,-0.0346264
8.41,-0.0247908,-0.0370566,-0.0431029,-0.0348404
8.42,-0.0254723,-0.0376508,-0.043526,-0.035113
8.43,-0.0260628,-0.0381744,-0.0439707,-0.0354342
8.44,-0.0265468,-0.0385957,-0.0444184,-0.0357933
8.45,-0.026918,-0.0389036,-0.0448414,-0.0361635
8.46,-0.0271762,-0.0390985,-0.0452017,-0.0364966
8.47,-0.0273376,-0.0391929,-0.0454678,-0.0367647
8.48,-0.0274311,-0.0392228,-0.0456271,-0.0369809
8.49,-0.0274823,-0.0392269,-0.0456869,-0.037171
8.5,-0.0275143,-0.039235,-0.0456729,-0.0373534
8.51,-0.0275352,-0.0392711,-0.0456236,-0.0375361
8.52,-0.0275365,-0.0393417,-0.0455805,-0.037718
8.53,-0.0275122,-0.0394399,-0.0455793,-0.0379097
8.54,-0.027465,-0.0395401,-0.0456439,-0.0381284
8.55,-0.0274009,-0.0396125,-0.0457751,-0.0383744
8.56,-0.0273263,-0.0396509,-0.0459529,-0.0386322
8.57,-0.0272446,-0.0396703,-0.0461456,-0.0388914
8.58,-0.0271508,-0.0396998,-0.0463288,-0.0391576
8.59,-0.0270499,-0.0397717,-0.0464967,-0.0394417
8.6,-0.0269552,-0.039889,-0.0466548,-0.0397539
8.61,-0.0268859,-0.0400311,-0.0468139,-0.0400937
8.62,-0.0268604,-0.0401799,-0.0469828,-0.0404451
8.63,-0.0269,-0.0403272,-0.0471716,-0.0407837
8.64,-0.0270038,-0.0404771,-0.0473906,-0.0410792
8.65,-0.0271541,-0.040645,-0.047639,-0.0413103
8.66,-0.0273383,-0.0408369,-0.0479051,-0.0414779
8.67,-0.0275586,-0.0410518,-0.0481705,-0.0415973
8.68,-0.0278235,-0.0412946,-0.0484094,-0.0416836
8.69,-0.0281339,-0.0415648,-0.0486049,-0.0417545
8.7,-0.0284688,-0.0418463,-0.0487685,-0.0418312
8.71,-0.0288025,-0.0421126,-0.0489222,-0.0419358
8.72,-0.0291344,-0.0423369,-0.0490789,-0.0420644
8.73,-0.0294716,-0.0425057,-0.0492377,-0.0421882
8.74,-0.0297979,-0.0426329,-0.0493827,-0.0422696
8.75,-0.0300796,-0.0427453,-0.049502,-0.0422868
8.76,-0.0302934,-0.0428524,-0.0496066,-0.0422549
8.77,-0.0304349,-0.0429498,-0.0497133,-0.0422056
8.78,-0.0305089,-0.0430363,-0.0498197,-0.0421519
8.79,-0.0305318,-0.0431115,-0.0498927,-0.0420813
8.8,-0.0305261,-0.0431747,-0.0498944,-0.041978
8.81,-0.0305107,-0.0432214,-0.0498199,-0.0418447
8.82,-0.0305027,-0.0432319,-0.0496902,-0.0416978
8.83,-0.0304972,-0.0431783,-0.0495305,-0.0415432
8.84,-0.030462,-0.0430435,-0.0493524,-0.0413636
8.85,-0.0303547,-0.0428303,-0.0491542,-0.0411386
8.86,-0.0301392,-0.0425505,-0.0489254,-0.0408691
8.87,-0.0298,-0.0422168,-0.0486533,-0.0405775
8.88,-0.0293544,-0.0418333,-0.0483245,-0.0402911
8.89,-0.0288661,-0.0414017,-0.0479316,-0.0400284
8.9,-0.0284116,-0.040944,-0.0474757,-0.0397844
8.91,-0.028023,-0.0405063,-0.0469705,-0.0395373
8.92,-0.0277016,-0.0401251,-0.0464545,-0.0392793
8.93,-0.027435,-0.0397986,-0.0459909,-0.0390281
8.94,-0.0272075,-0.0395153,-0.0456329,-0.0388047
8.95,-0.0269921,-0.0392823,-0.0453927,-0.0386144
8.96,-0.0267474,-0.0390965,-0.0452511,-0.03845
8.97,-0.0264465,-0.0389374,-0.0451878,-0.0383087
8.98,-0.0261117,-0.0387717,-0.0451742,-0.0381984
8.99,-0.025784,-0.0385729,-0.0451703,-0.0381297
9.0,-0.0254955,-0.0383493,-0.0451406,-0.0380904
9.01,-0.0252598,-0.0381264,-0.0450589,-0.038041
9.02,-0.0250818,-0.0379261,-0.0449315,-0.0379483
9.03,-0.02496,-0.0377644,-0.0447902,-0.0378123
9.04,-0.0248772,-0.037651,-0.044658,-0.0376502
9.05,-0.0248072,-0.0375836,-0.0445526,-0.0374752
9.06,-0.0247251,-0.0375433,-0.044479,-0.0372933
9.07,-0.0246203,-0.0375065,-0.0444184,-0.0370968
9.08,-0.0244913,-0.0374538,-0.0443363,-0.0368729
9.09,-0.0243369,-0.0373704,-0.0441959,-0.0366188
9.1,-0.0241686,-0.0372361,-0.0439762,-0.0363387
9.11,-0.0239916,-0.0370303,-0.0436802,-0.0360336
9.12,-0.0237887,-0.0367484,-0.0433258,-0.0356954
9.13,-0.0235426,-0.036406,-0.0429274,-0.0353112
9.14,-0.0232484,-0.0360173,-0.0424939,-0.0348817
9.15,-0.0229081,-0.0355911,-0.0420418,-0.0344299
9.16,-0.0225266,-0.0351402,-0.0415955,-0.0339873
9.17,-0.0221128,-0.034678,-0.0411706,-0.0335694
9.18,-0.0216835,-0.0342166,-0.0407562,-0.0331691
9.19,-0.0212567,-0.0337705,-0.0403318,-0.0327737
9.2,-0.0208336,-0.033356,-0.0398863,-0.0323756
9.21,-0.0203953,-0.0329779,-0.0394243,-0.0319755
9.22,-0.0199207,-0.0326135,-0.0389602,-0.0315787
9.23,-0.0194019,-0.0322199,-0.0385064,-0.031186
9.24,-0.018849,-0.031758,-0.0380618,-0.0307878
9.25,-0.0182868,-0.0312136,-0.0376106,-0.0303685
9.26,-0.0177466,-0.0305982,-0.0371352,-0.029919
9.27,-0.0172577,-0.0299471,-0.0366318,-0.0294454
9.28,-0.0168362,-0.0293128,-0.0361117,-0.0289597
9.29,-0.0164789,-0.0287531,-0.0355909,-0.0284693
9.3,-0.0161839,-0.0283079,-0.0350908,-0.0279844
9.31,-0.015951,-0.0279814,-0.0346398,-0.0275303
9.32,-0.0157704,-0.0277541,-0.0342618,-0.0271371
9.33,-0.0156394,-0.0276169,-0.0339632,-0.0268126
9.34,-0.0155532,-0.0275592,-0.0337452,-0.0265509
9.35,-0.0155015,-0.0275504,-0.0336081,-0.0263526
9.36,-0.0154805,-0.0275577,-0.0335507,-0.0262147
9.37,-0.0154869,-0.0275471,-0.033556,-0.0261264
9.38,-0.0155181,-0.0275051,-0.033595,-0.0260689
9.39,-0.0155653,-0.027449,-0.0336452,-0.0260313
9.4,-0.0156027,-0.0274,-0.0336877,-0.0260005
9.41,-0.0156005,-0.0273765,-0.0337176,-0.0259596
9.42,-0.0155431,-0.0273838,-0.0337383,-0.0259043
9.43,-0.0154291,-0.0274129,-0.0337485,-0.0258423
9.44,-0.0152636,-0.027441,-0.0337425,-0.0257798
9.45,-0.015063,-0.0274429,-0.0337129,-0.0257094
9.46,-0.014849,-0.0274003,-0.0336515,-0.0256189
9.47,-0.0146404,-0.0273073,-0.0335515,-0.0254983
9.48,-0.0144417,-0.0271733,-0.0334124,-0.0253435
9.49,-0.0142469,-0.0270093,-0.033239,-0.0251691
9.5,-0.014053,-0.0268136,-0.0330434,-0.0250104
9.51,-0.0138603,-0.0265844,-0.0328458,-0.024902
9.52,-0.0136673,-0.0263278,-0.0326609,-0.0248586
9.53,-0.0134716,-0.0260555,-0.0324927,-0.0248792
9.54,-0.0132694,-0.0257814,-0.0323439,-0.0249563
9.55,-0.0130537,-0.0255218,-0.0322154,-0.0250682
9.56,-0.0128287,-0.0252961,-0.0321087,-0.0251855
9.57,-0.0126098,-0.0251216,-0.0320242,-0.0252839
9.58,-0.0124072,-0.0250058,-0.0319612,-0.0253506
9.59,-0.0122256,-0.0249434,-0.0319145,-0.025383
9.6,-0.0120727,-0.0249165,-0.0318755,-0.0253835
9.61,-0.0119632,-0.0249065,-0.0318358,-0.0253486
9.62,-0.0119129,-0.0249024,-0.0317853,-0.0252664
9.63,-0.0119201,-0.0248976,-0.0317167,-0.0251302
9.64,-0.0119669,-0.024885,-0.031637,-0.0249493
9.65,-0.0120294,-0.0248564,-0.0315674,-0.02474
9.66,-0.0120879,-0.0248099,-0.031528,-0.0245188
9.67,-0.0121317,-0.0247551,-0.0315202,-0.0243048
9.68,-0.0121582,-0.0247106,-0.0315257,-0.024109
9.69,-0.0121698,-0.0246972,-0.0315218,-0.0239315
9.7,-0.0121771,-0.0247249,-0.0314921,-0.0237721
9.71,-0.0121951,-0.0247858,-0.0314328,-0.023635
9.72,-0.0122309,-0.0248588,-0.0313491,-0.0235219
9.73,-0.0122811,-0.0249204,-0.0312476,-0.0234239
9.74,-0.0123439,-0.0249511,-0.0311336,-0.0233246
9.75,-0.012421,-0.0249399,-0.0310131,-0.0232109
9.76,-0.0125039,-0.0248919,-0.0308927,-0.0230782
9.77,-0.0125775,-0.0248245,-0.0307775,-0.0229346
9.78,-0.0126295,-0.0247489,-0.0306751,-0.0228038
9.79,-0.0126586,-0.0246685,-0.030599,-0.0227145
9.8,-0.0126795,-0.0245899,-0.0305553,-0.02268
9.81,-0.0127192,-0.0245239,-0.03054,-0.0227
9.82,-0.0127964,-0.0244868,-0.0305503,-0.022773
9.83,-0.0129078,-0.0244982,-0.0305883,-0.0228973
9.84,-0.0130366,-0.0245686,-0.0306652,-0.0230664
9.85,-0.0131687,-0.0246977,-0.0307976,-0.0232694
9.86,-0.0132995,-0.0248788,-0.0309926,-0.023502
9.87,-0.013432,-0.0251025,-0.0312431,-0.023765
9.88,-0.0135701,-0.0253595,-0.031535,-0.0240639
9.89,-0.0137215,-0.0256436,-0.0318566,-0.0243998
9.9,-0.0138993,-0.0259502,-0.0322025,-0.0247703
9.91,-0.0141164,-0.0262772,-0.0325707,-0.0251714
9.92,-0.0143775,-0.0266271,-0.0329597,-0.0255909
9.93,-0.0146728,-0.0270022,-0.0333717,-0.0260132
9.94,-0.0149753,-0.0273956,-0.0338133,-0.0264312
9.95,-0.0152477,-0.0277907,-0.0342883,-0.0268468
9.96,-0.0154614,-0.028162,-0.0347842,-0.0272617
9.97,-0.0156039,-0.028484,-0.035268,-0.0276661
9.98,-0.0156767,-0.0287467,-0.03569,-0.0280387
9.99,-0.0156907,-0.0289423,-0.0360004,-0.0283595
10.0,-0.0156546,-0.0290724,-0.0361784,-0.0286158
10.01,-0.0155772,-0.0291379,-0.0362359,-0.0287937
10.02,-0.0154659,-0.0291361,-0.0361981,-0.0288925
10.03,-0.0153278,-0.0290704,-0.0360991,-0.0289271
10.04,-0.0151674,-0.0289524,-0.0359625,-0.0289027
10.05,-0.0149787,-0.0287961,-0.0358031,-0.0288179
10.06,-0.014753,-0.0286056,-0.0356259,-0.0286805
10.07,-0.0144947,-0.0283728,-0.0354334,-0.0285091
10.08,-0.0142258,-0.0280881,-0.035221,-0.0283189
10.09,-0.0139734,-0.0277569,-0.0349743,-0.0281105
10.1,-0.0137504,-0.0274044,-0.0346802,-0.0278749
10.11,-0.0135606,-0.0270629,-0.0343386,-0.0276086
10.12,-0.0134074,-0.0267554,-0.03397,-0.027323
10.13,-0.0132972,-0.0264908,-0.0336063,-0.0270352
10.14,-0.01323,-0.0262694,-0.0332746,-0.0267539
10.15,-0.0131963,-0.0260901,-0.0329878,-0.0264794
10.16,-0.0131893,-0.0259493,-0.0327479,-0.0262095
10.17,-0.0132085,-0.0258389,-0.0325506,-0.0259417
10.18,-0.0132535,-0.0257475,-0.0323874,-0.0256721
10.19,-0.0133151,-0.0256662,-0.0322473,-0.0253973
10.2,-0.0133782,-0.0255932,-0.0321179,-0.0251064
10.21,-0.0134319,-0.0255329,-0.0319873,-0.024787
10.22,-0.0134759,-0.0254889,-0.0318476,-0.0244319
10.23,-0.0135158,-0.0254587,-0.0316974,-0.0240497
10.24,-0.0135495,-0.0254334,-0.0315427,-0.0236622
10.25,-0.0135607,-0.0254031,-0.0313933,-0.023293
10.26,-0.0135255,-0.0253596,-0.0312542,-0.0229604
10.27,-0.0134245,-0.0252932,-0.0311293,-0.0226714
10.28,-0.0132535,-0.0251936,-0.0310184,-0.0224282
10.29,-0.0130284,-0.025053,-0.0309069,-0.0222332
10.3,-0.0127775,-0.0248687,-0.0307766,-0.0220756
10.31,-0.0125223,-0.0246522,-0.0306122,-0.0219382
10.32,-0.0122688,-0.0244269,-0.0304103,-0.0218107
10.33,-0.012016,-0.0242076,-0.0301859,-0.0216956
10.34,-0.0117663,-0.0239913,-0.0299695,-0.0216109
10.35,-0.0115275,-0.0237678,-0.0297839,-0.0215783
10.36,-0.0113073,-0.023533,-0.029634,-0.0216119
10.37,-0.0111046,-0.0232943,-0.0295142,-0.0217095
10.38,-0.0109145,-0.023067,-0.029417,-0.0218544
10.39,-0.0107347,-0.0228689,-0.0293371,-0.0220203
10.4,-0.0105643,-0.0227149,-0.0292712,-0.0221855
10.41,-0.0104069,-0.0226142,-0.0292203,-0.0223486
10.42,-0.0102716,-0.0225703,-0.0291922,-0.0225112
10.43,-0.0101695,-0.0225811,-0.0291983,-0.022676
10.44,-0.0101062,-0.0226399,-0.0292499,-0.0228447
10.45,-0.0100872,-0.0227383,-0.0293537,-0.0230158
10.46,-0.0101233,-0.0228657,-0.0295132,-0.0231861
10.47,-0.0102155,-0.0230126,-0.0297269,-0.0233504
10.48,-0.0103461,-0.0231766,-0.0299839,-0.0234992
10.49,-0.0104923,-0.0233569,-0.0302665,-0.0236225
10.5,-0.0106388,-0.0235479,-0.0305575,-0.0237153
10.51,-0.0107806,-0.0237412,-0.0308362,-0.0237732
10.52,-0.0109113,-0.0239329,-0.0310698,-0.0237916
10.53,-0.0110134,-0.0241239,-0.0312264,-0.0237695
10.54,-0.0110687,-0.024306,-0.0312977,-0.0237096
10.55,-0.0110649,-0.0244496,-0.0313019,-0.0236202
10.56,-0.0109908,-0.0245138,-0.0312616,-0.0235141
10.57,-0.0108463,-0.0244677,-0.0311851,-0.0233972
10.58,-0.0106392,-0.0243027,-0.0310633,-0.0232537
10.59,-0.0103747,-0.0240278,-0.0308743,-0.0230568
10.6,-0.0100467,-0.0236642,-0.030592,-0.0227869
10.61,-0.00964191,-0.0232317,-0.0302008,-0.0224332
10.62,-0.009159,-0.0227344,-0.0297051,-0.021994
10.63,-0.0086081,-0.0221655,-0.0291215,-0.0214818
10.64,-0.0080068,-0.0215206,-0.0284565,-0.0209146
10.65,-0.0073796,-0.0208085,-0.0277169,-0.0203028
10.66,-0.00675294,-0.0200492,-0.0269262,-0.0196561
10.67,-0.00614135,-0.0192714,-0.0261172,-0.0189881
10.68,-0.00554043,-0.0185021,-0.0253164,-0.0183177
10.69,-0.00494346,-0.0177574,-0.0245466,-0.0176637
10.7,-0.00435487,-0.0170456,-0.023826,-0.0170371
10.71,-0.00378764,-0.0163708,-0.0231523,-0.0164384
10.72,-0.00326385,-0.0157395,-0.022509,-0.0158622
10.73,-0.00279826,-0.0151669,-0.0218857,-0.0153055
10.74,-0.00239161,-0.014669,-0.021293,-0.0147725
10.75,-0.00204072,-0.0142494,-0.0207527,-0.0142641
10.76,-0.00174209,-0.0138999,-0.020286,-0.0137782
10.77,-0.00149276,-0.0136055,-0.0199058,-0.0133144
10.78,-0.00129494,-0.0133491,-0.0196137,-0.0128691
10.79,-0.00115275,-0.0131194,-0.0193966,-0.0124362
10.8,-0.00106484,-0.0129143,-0.0192253,-0.012005
10.81,-0.00102422,-0.0127462,-0.0190632,-0.0115664
10.82,-0.00101957,-0.0126325,-0.0188857,-0.0111206
10.83,-0.00104996,-0.0125795,-0.0186918,-0.0106845
10.84,-0.00112716,-0.0125797,-0.0185031,-0.0102891
10.85,-0.00125634,-0.0126245,-0.01835,-0.00996445
10.86,-0.0014326,-0.0127127,-0.0182552,-0.00972307
10.87,-0.00164736,-0.012844,-0.0182398,-0.00957033
10.88,-0.0018815,-0.013018,-0.0183088,-0.00952129
10.89,-0.0021091,-0.0132267,-0.0184595,-0.00958048
10.9,-0.00230884,-0.013456,-0.0186877,-0.00975123
10.91,-0.0024724,-0.0136885,-0.0189765,-0.0100295
10.92,-0.00259839,-0.0138994,-0.0193013,-0.0103972
10.93,-0.0026851,-0.0140747,-0.0196446,-0.0108403
10.94,-0.00273433,-0.014224,-0.0199868,-0.0113408
10.95,-0.00275138,-0.0143568,-0.0203008,-0.0118697
10.96,-0.0027404,-0.0144811,-0.0205709,-0.0123882
10.97,-0.00269882,-0.0146029,-0.0208092,-0.0128661
10.98,-0.002629,-0.0147214,-0.0210292,-0.0133028
10.99,-0.00254354,-0.0148276,-0.021235,-0.0137063
11.0,-0.0024656,-0.0149077,-0.0214379,-0.0140755
11.01,-0.0024204,-0.014965,-0.0216365,-0.014415
11.02,-0.00241374,-0.0150254,-0.0218181,-0.01473
11.03,-0.00243428,-0.0151191,-0.0219731,-0.0150303
11.04,-0.00246948,-0.015257,-0.022116,-0.0153302
11.05,-0.00250783,-0.0154235,-0.0222838,-0.01565
11.06,-0.00255053,-0.0155961,-0.0225031,-0.0159984
11.07,-0.00261278,-0.0157635,-0.0227711,-0.0163685
11.08,-0.0027057,-0.0159298,-0.0230693,-0.0167355
11.09,-0.00283869,-0.016114,-0.0233776,-0.0170735
11.1,-0.00302677,-0.0163354,-0.0236795,-0.0173713
11.11,-0.00327212,-0.0166082,-0.0239698,-0.0176312
11.12,-0.00355981,-0.0169416,-0.0242518,-0.0178582
11.13,-0.00387196,-0.0173264,-0.0245346,-0.018053
11.14,-0.00419864,-0.0177302,-0.024831,-0.0182195
11.15,-0.00454083,-0.0181174,-0.0251463,-0.0183644
11.16,-0.00490055,-0.0184672,-0.0254588,-0.0184854
11.17,-0.00527055,-0.0187699,-0.0257333,-0.0185719
11.18,-0.00563533,-0.0190226,-0.0259466,-0.0186102
11.19,-0.00597391,-0.0192269,-0.0260921,-0.0185961
11.2,-0.00627445,-0.019381,-0.0261757,-0.0185328
11.21,-0.00653648,-0.0194794,-0.0262091,-0.0184228
11.22,-0.00676747,-0.0195257,-0.0262022,-0.0182923
11.23,-0.00697992,-0.0195368,-0.0261531,-0.0181738
11.24,-0.00718051,-0.0195367,-0.0260556,-0.0180629
11.25,-0.00736853,-0.0195486,-0.0259194,-0.0179532
11.26,-0.00754168,-0.0195857,-0.0257723,-0.0178624
11.27,-0.00770222,-0.0196426,-0.0256492,-0.0178183
11.28,-0.00784872,-0.0196992,-0.0255835,-0.0178313
11.29,-0.00797522,-0.0197459,-0.025585,-0.0178823
11.3,-0.00807622,-0.0197835,-0.0256378,-0.0179533
11.31,-0.00815113,-0.0198146,-0.025722,-0.0180425
11.32,-0.00820172,-0.0198459,-0.0258242,-0.0181475
11.33,-0.0082295,-0.0198867,-0.0259356,-0.0182661
11.34,-0.00824004,-0.0199447,-0.0260595,-0.0184043
11.35,-0.00824418,-0.0200192,-0.0262076,-0.0185724
11.36,-0.00825507,-0.0201047,-0.0263858,-0.0187782
11.37,-0.00828347,-0.0201998,-0.0265879,-0.0190164
11.38,-0.00832492,-0.0203129,-0.0267962,-0.019269
11.39,-0.00835863,-0.0204597,-0.0269937,-0.0195145
11.4,-0.00836779,-0.0206466,-0.0271782,-0.0197381
11.41,-0.00835093,-0.0208624,-0.0273634,-0.0199431
11.42,-0.00831666,-0.0210861,-0.0275642,-0.0201469
11.43,-0.00827715,-0.0212947,-0.0277832,-0.020363
11.44,-0.00824442,-0.0214631,-0.0280135,-0.0205975
11.45,-0.00822805,-0.0215726,-0.0282408,-0.0208469
11.46,-0.00822373,-0.0216209,-0.0284406,-0.0210925
11.47,-0.00821333,-0.0216215,-0.0285882,-0.0213054
11.48,-0.00817638,-0.0215887,-0.0286778,-0.0214669
11.49,-0.00810824,-0.0215284,-0.0287209,-0.02158
11.5,-0.00802083,-0.0214466,-0.0287247,-0.0216566
11.51,-0.00793359,-0.0213574,-0.0286908,-0.0216988
11.52,-0.00785937,-0.021276,-0.0286154,-0.0217021
11.53,-0.00779629,-0.0212117,-0.0284996,-0.0216611
11.54,-0.0077386,-0.0211637,-0.0283532,-0.0215751
11.55,-0.00768578,-0.0211155,-0.0281921,-0.0214591
11.56,-0.00764045,-0.0210395,-0.0280272,-0.0213251
11.57,-0.00760046,-0.0209144,-0.0278569,-0.0211684
11.58,-0.00755659,-0.0207366,-0.02767,-0.0209726
11.59,-0.00749578,-0.020519,-0.0274578,-0.0207286
11.6,-0.00740852,-0.0202831,-0.0272195,-0.0204377
11.61,-0.00728898,-0.02005,-0.0269604,-0.0200987
11.62,-0.00713512,-0.0198315,-0.0266862,-0.0197131
11.63,-0.0069523,-0.0196284,-0.0264043,-0.0192987
11.64,-0.00675346,-0.0194355,-0.0261276,-0.0188826
11.65,-0.00655716,-0.0192386,-0.0258652,-0.0184834
11.66,-0.00637779,-0.0190258,-0.0256124,-0.0181029
11.67,-0.0062108,-0.0188028,-0.0253515,-0.0177231
11.68,-0.00603788,-0.0185855,-0.025068,-0.0173253
11.69,-0.00584751,-0.0183771,-0.0247646,-0.0169113
11.7,-0.0056457,-0.018159,-0.0244548,-0.0164994
11.71,-0.00545167,-0.0179103,-0.0241464,-0.0161109
11.72,-0.00528061,-0.0176271,-0.0238353,-0.0157567
11.73,-0.00513075,-0.0173243,-0.0235143,-0.015436
11.74,-0.0049859,-0.0170249,-0.0231859,-0.0151503
11.75,-0.00482992,-0.0167464,-0.0228649,-0.0149071
11.76,-0.00465947,-0.0164931,-0.0225717,-0.0147081
11.77,-0.00447552,-0.0162618,-0.022322,-0.0145524
11.78,-0.00427725,-0.0160529,-0.0221194,-0.0144381
11.79,-0.00406269,-0.0158696,-0.0219586,-0.0143527
11.8,-0.00382909,-0.0157103,-0.0218303,-0.0142817
11.81,-0.00357521,-0.0155693,-0.0217255,-0.0142222
11.82,-0.00330553,-0.0154386,-0.0216341,-0.0141699
11.83,-0.00302666,-0.0153093,-0.0215496,-0.0141219
11.84,-0.00274201,-0.0151733,-0.0214748,-0.0140773
11.85,-0.00245613,-0.0150193,-0.0214177,-0.0140355
11.86,-0.00217273,-0.0148339,-0.0213817,-0.0139987
11.87,-0.00188481,-0.0146142,-0.0213558,-0.0139665
11.88,-0.00158059,-0.0143722,-0.0213116,-0.0139243
11.89,-0.00125521,-0.0141241,-0.0212199,-0.0138472
11.9,-0.000913483,-0.0138812,-0.0210668,-0.0137203
11.91,-0.000570391,-0.0136459,-0.0208507,-0.0135499
11.92,-0.000245678,-0.0134118,-0.0205804,-0.013349
11.93,4.58947e-05,-0.0131711,-0.0202728,-0.0131249
11.94,0.000303277,-0.0129251,-0.0199429,-0.0128834
11.95,0.000536175,-0.0126806,-0.0195996,-0.0126237
11.96,0.000758533,-0.0124383,-0.0192519,-0.0123406
11.97,0.000987602,-0.0121896,-0.0189134,-0.0120346
11.98,0.00123736,-0.0119236,-0.0185951,-0.0117112
11.99,0.00150536,-0.0116292,-0.0182984,-0.0113789
12.0,0.00177811,-0.0113008,-0.0180181,-0.0110427
12.01,0.00204566,-0.0109502,-0.0177429,-0.0107007
12.02,0.00229661,-0.0106039,-0.0174585,-0.0103487
12.03,0.00251496,-0.0102839,-0.0171598,-0.00998657
12.04,0.00268636,-0.0100029,-0.0168541,-0.00962112
12.05,0.00279912,-0.00977009,-0.0165505,-0.00925874
12.06,0.00284838,-0.00959208,-0.0162561,-0.00890323
12.07,0.00284399,-0.00946961,-0.0159834,-0.00856429
12.08,0.00281518,-0.00939371,-0.0157468,-0.0082582
12.09,0.00279325,-0.00934633,-0.0155568,-0.00799817
12.1,0.0027898,-0.00930562,-0.0154132,-0.00778613
12.11,0.00279789,-0.00924665,-0.0152981,-0.00760944
12.12,0.00280378,-0.00916062,-0.0151911,-0.00745116
12.13,0.00279358,-0.00906069,-0.0150765,-0.00730307
12.14,0.00276662,-0.00896402,-0.0149557,-0.00716664
12.15,0.00274074,-0.00888615,-0.0148527,-0.00705417
12.16,0.0027478,-0.00883446,-0.014791,-0.00697521
12.17,0.00281678,-0.00880285,-0.0147824,-0.00692961
12.18,0.00294944,-0.00877326,-0.0148199,-0.00690941
12.19,0.00312377,-0.00872842,-0.0148786,-0.0069015
12.2,0.00331502,-0.00866531,-0.0149253,-0.00689111
12.21,0.0035171,-0.00859138,-0.0149312,-0.00686724
12.22,0.00374286,-0.0085115,-0.0148911,-0.00683352
12.23,0.00400357,-0.00841857,-0.0148195,-0.00680525
12.24,0.00429962,-0.00829559,-0.0147303,-0.00679107
12.25,0.00462612,-0.00813064,-0.0146271,-0.0067881
12.26,0.00497517,-0.00792336,-0.0145068,-0.00678979
12.27,0.00533798,-0.00767764,-0.0143667,-0.00678946
12.28,0.00570924,-0.0073975,-0.014208,-0.00678268
12.29,0.00608712,-0.00709048,-0.0140323,-0.00676417
12.3,0.00647119,-0.00676793,-0.013835,-0.00672289
12.31,0.00685871,-0.00643968,-0.0136089,-0.00664764
12.32,0.00724301,-0.00611199,-0.0133508,-0.0065341
12.33,0.0076173,-0.00579074,-0.0130637,-0.00638123
12.34,0.00797779,-0.00548275,-0.0127509,-0.00618762
12.35,0.0083269,-0.00518956,-0.0124133,-0.00595022
12.36,0.00866728,-0.00490135,-0.0120579,-0.00566998
12.37,0.00898914,-0.00460147,-0.0116979,-0.0053539
12.38,0.00927125,-0.00427685,-0.0113446,-0.00500689
12.39,0.00949475,-0.00392692,-0.0110012,-0.00462964
12.4,0.00965791,-0.00356977,-0.0106655,-0.00421668
12.41,0.00977996,-0.00323602,-0.0103382,-0.00376677
12.42,0.00988544,-0.00294716,-0.0100242,-0.00329446
12.43,0.00998677,-0.00270502,-0.0097247,-0.00282262
12.44,0.0100755,-0.00250304,-0.00942952,-0.00236468
12.45,0.0101366,-0.00233641,-0.00912238,-0.00191612
12.46,0.0101664,-0.00220438,-0.00879906,-0.00146585
12.47,0.0101728,-0.00210585,-0.00847485,-0.00101497
12.48,0.0101665,-0.00202823,-0.00817826,-0.000577292
12.49,0.0101609,-0.00195335,-0.00793298,-0.000168699
12.5,0.0101736,-0.00186643,-0.00773704,0.000204978
12.51,0.0102227,-0.001758,-0.00757424,0.000547837
12.52,0.0103147,-0.00161648,-0.00743368,0.000862022
12.53,0.0104397,-0.00143305,-0.00729724,0.00114859
12.54,0.0105794,-0.00121178,-0.0071465,0.00141232
12.55,0.0107241,-0.00097234,-0.00696713,0.00165174
12.56,0.0108739,-0.000738852,-0.00675718,0.00186169
12.57,0.0110211,-0.00052876,-0.00653114,0.00203483
12.58,0.0111357,-0.000349753,-0.00631071,0.00216274
12.59,0.0111935,-0.000206005,-0.00611457,0.00224334
12.6,0.0112273,-0.000109884,-0.00595623,0.00227952
12.61,0.0112961,-7.83672e-05,-0.00584741,0.00227139
12.62,0.0113895,-9.69222e-05,-0.00580241,0.00220764
12.63,0.0114763,-0.000110568,-0.00583575,0.00206409
12.64,0.0115695,-0.000109606,-0.00594012,0.00182347
12.65,0.0116524,-0.000131808,-0.00607254,0.0015073
12.66,0.011717,-0.000169217,-0.00621003,0.00116496
12.67,0.0117652,-0.000219106,-0.00639338,0.000812806
12.68,0.0117838,-0.000304437,-0.00663464,0.000443127
12.69,0.011775,-0.000426075,-0.00691312,8.28691e-05
12.7,0.0117361,-0.000594318,-0.00723302,-0.000261608
12.71,0.0116735,-0.000812168,-0.00758464,-0.000595571
12.72,0.011588,-0.00107518,-0.00795674,-0.00091727
12.73,0.0114758,-0.00137343,-0.00834114,-0.001236
12.74,0.0113323,-0.0016867,-0.00871471,-0.0015446
12.75,0.0111612,-0.00199638,-0.00905934,-0.00183158
12.76,0.010973,-0.00228558,-0.00935381,-0.00209193
12.77,0.0107759,-0.00255122,-0.00959014,-0.00232472
12.78,0.0105783,-0.00278775,-0.00977861,-0.00253163
12.79,0.0103917,-0.00298486,-0.00994112,-0.00271571
12.8,0.0102273,-0.00313613,-0.0100933,-0.00288049
12.81,0.0100845,-0.00325023,-0.0102319,-0.00302272
12.82,0.00995601,-0.0033435,-0.0103456,-0.00313741
12.83,0.00984178,-0.00342366,-0.0104273,-0.00322084
12.84,0.00974969,-0.00348662,-0.0104783,-0.00327458
12.85,0.00968313,-0.00352933,-0.0104985,-0.00329943
12.86,0.00964257,-0.00355135,-0.010485,-0.00328871
12.87,0.00963458,-0.00354481,-0.0104322,-0.0032335
12.88,0.00966334,-0.00349888,-0.0103368,-0.00313061
12.89,0.00972358,-0.00341096,-0.0102026,-0.00298191
12.9,0.00980986,-0.00328103,-0.0100358,-0.00278963
12.91,0.00991751,-0.00310931,-0.00984444,-0.00255725
12.92,0.0100363,-0.00290176,-0.00963748,-0.00229714
12.93,0.0101519,-0.0026687,-0.00941677,-0.00203141
12.94,0.0102535,-0.00242467,-0.00917879,-0.00177137
12.95,0.0103383,-0.00218758,-0.00892302,-0.00151445
12.96,0.010412,-0.00197523,-0.00865617,-0.0012656
12.97,0.0104834,-0.00180202,-0.00839368,-0.00103244
12.98,0.0105629,-0.00167113,-0.00815369,-0.000816242
12.99,0.0106528,-0.0015728,-0.00795136,-0.000621483
13.0,0.0107409,-0.00149249,-0.00779188,-0.000453217
13.01,0.0108107,-0.00142021,-0.0076688,-0.000307988
13.02,0.0108574,-0.00135548,-0.00757455,-0.000178185
13.03,0.0108917,-0.00129949,-0.00750543,-6.04281e-05
13.04,0.0109254,-0.00124849,-0.00745802,4.86314e-05
13.05,0.0109602,-0.00119642,-0.0074303,0.0001516
13.06,0.0109912,-0.00114284,-0.00742369,0.000248505
13.07,0.0110155,-0.0010949,-0.00743365,0.000334816
13.08,0.0110326,-0.00106103,-0.00744837,0.000403153
13.09,0.0110447,-0.00104846,-0.0074583,0.000447023
13.1,0.0110543,-0.00106349,-0.00746408,0.00046246
13.11,0.0110599,-0.00110639,-0.0074746,0.000447254
13.12,0.0110567,-0.00116976,-0.00749913,0.000400243
13.13,0.0110381,-0.00124365,-0.0075442,0.000321272
13.14,0.011002,-0.00132027,-0.00761359,0.000210748
13.15,0.0109552,-0.00139592,-0.00770036,6.97025e-05
13.16,0.0109095,-0.00146927,-0.00779211,-9.5043e-05
13.17,0.0108748,-0.0015368,-0.00787842,-0.000271832
13.18,0.0108555,-0.00159255,-0.00795485,-0.000449809
13.19,0.0108503,-0.00163204,-0.008026,-0.000622401
13.2,0.010852,-0.00165665,-0.00810004,-0.000788056
13.21,0.0108528,-0.00167461,-0.00818441,-0.000949756
13.22,0.0108489,-0.00169698,-0.00828497,-0.00110916
13.23,0.0108403,-0.00173314,-0.0084064,-0.00126318
13.24,0.0108258,-0.00178931,-0.00854703,-0.00140751
13.25,0.0108016,-0.00186855,-0.00869719,-0.00153925
13.26,0.010765,-0.00196853,-0.00884398,-0.00165634
13.27,0.0107175,-0.00208049,-0.00897439,-0.00175782
13.28,0.0106633,-0.00219271,-0.00907746,-0.00184433
13.29,0.0106078,-0.00229465,-0.00914927,-0.00191795
13.3,0.0105565,-0.00237957,-0.00919586,-0.00198065
13.31,0.0105125,-0.00244463,-0.00922846,-0.00203495
13.32,0.0104744,-0.00248994,-0.00925687,-0.00208151
13.33,0.0104382,-0.00251838,-0.00928766,-0.00211635
13.34,0.0104019,-0.00253575,-0.00932391,-0.00213467
13.35,0.0103656,-0.00254965,-0.00936276,-0.00213386
13.36,0.0103296,-0.00256624,-0.00939414,-0.00211191
13.37,0.0102956,-0.00258667,-0.00940571,-0.00206777
13.38,0.0102687,-0.00260649,-0.00939037,-0.00200201
13.39,0.0102575,-0.00261733,-0.0093483,-0.00191558
13.4,0.0102686,-0.00260831,-0.00928394,-0.0018093
13.41,0.0103023,-0.00256879,-0.00920177,-0.00168457
13.42,0.0103511,-0.00249299,-0.00910357,-0.00154544
13.43,0.0104032,-0.00238226,-0.008988,-0.00140002
13.44,0.0104494,-0.00224533,-0.00885272,-0.00125677
13.45,0.0104872,-0.0020964,-0.00869864,-0.00112024
13.46,0.0105193,-0.00195059,-0.00853178,-0.000991889
13.47,0.0105482,-0.00181992,-0.0083613,-0.000872138
13.48,0.0105741,-0.0017113,-0.00819792,-0.000761688
13.49,0.0105967,-0.00162705,-0.00805261,-0.000662743
13.5,0.0106184,-0.00156655,-0.0079348,-0.000576976
13.51,0.0106432,-0.00152658,-0.00784941,-0.000504402
13.52,0.0106762,-0.00150143,-0.00779466,-0.000443916
13.53,0.01072,-0.00148408,-0.00776491,-0.000394281
13.54,0.010773,-0.00146822,-0.00775442,-0.000353908
13.55,0.0108292,-0.0014493,-0.00775808,-0.000320345
13.56,0.01088,-0.00142539,-0.00777116,-0.000291547
13.57,0.0109194,-0.00139869,-0.00779123,-0.000267966
13.58,0.010947,-0.00137603,-0.00781937,-0.000252761
13.59,0.0109665,-0.00136686,-0.00785834,-0.000250068
13.6,0.0109802,-0.00137927,-0.00791008,-0.000263239
13.61,0.0109852,-0.00141603,-0.00797444,-0.000294493
13.62,0.0109749,-0.0014735,-0.00804927,-0.000345484
13.63,0.0109438,-0.00154441,-0.00812977,-0.000416779
13.64,0.0108931,-0.00162134,-0.00820828,-0.000507014
13.65,0.0108309,-0.00169885,-0.00827698,-0.000612762
13.66,0.010769,-0.00177429,-0.0083314,-0.000728132
13.67,0.0107167,-0.00184575,-0.00837103,-0.000845398
13.68,0.0106779,-0.00190877,-0.00839888,-0.000956576
13.69,0.0106525,-0.00195784,-0.00842111,-0.00105645
13.7,0.0106392,-0.00199069,-0.00844623,-0.00114439
13.71,0.010637,-0.00200919,-0.00848313,-0.001223
13.72,0.0106452,-0.0020178,-0.0085366,-0.00129597
13.73,0.0106618,-0.00202147,-0.00860494,-0.0013658
13.74,0.0106822,-0.00202417,-0.00868128,-0.00143222
13.75,0.0106996,-0.00202953,-0.00875649,-0.00149263
13.76,0.0107075,-0.00204148,-0.0088238,-0.00154398
13.77,0.0107029,-0.0020629,-0.00888004,-0.00158443
13.78,0.0106876,-0.00209354,-0.00892393,-0.00161394
13.79,0.0106661,-0.00212937,-0.008954,-0.00163378
13.8,0.0106413,-0.00216386,-0.00896789,-0.00164572
13.81,0.0106132,-0.00219014,-0.00896439,-0.00165117
13.82,0.0105798,-0.00220343,-0.00894517,-0.00165047
13.83,0.0105409,-0.00220273,-0.00891469,-0.00164267
13.84,0.0104993,-0.00219155,-0.00887852,-0.00162611
13.85,0.0104605,-0.00217684,-0.00884149,-0.00159933
13.86,0.0104297,-0.00216628,-0.00880684,-0.00156147
13.87,0.0104097,-0.00216509,-0.00877632,-0.0015122
13.88,0.0104,-0.00217405,-0.00875088,-0.00145163
13.89,0.0103979,-0.00218946,-0.00873106,-0.00138033
13.9,0.0104011,-0.00220412,-0.00871664,-0.00129953
13.91,0.0104089,-0.0022089,-0.00870598,-0.00121199
13.92,0.0104232,-0.00219555,-0.00869555,-0.00112265
13.93,0.0104472,-0.00216006,-0.00867999,-0.00103694
13.94,0.0104828,-0.00210428,-0.00865326,-0.000957911
13.95,0.0105294,-0.00203443,-0.00861059,-0.00088621
13.96,0.0105836,-0.00195789,-0.00855035,-0.000821169
13.97,0.01064,-0.00188073,-0.00847423,-0.00076221
13.98,0.0106922,-0.00180739,-0.00838606,-0.00071015
13.99,0.0107342,-0.00174115,-0.00829053,-0.000666731
14.0,0.0107622,-0.0016844,-0.00819297,-0.000633423
14.01,0.0107764,-0.00163864,-0.00810006,-0.000610451
14.02,0.0107813,-0.00160444,-0.00801951,-0.000596514
14.03,0.0107836,-0.00158115,-0.00795815,-0.000589354
14.04,0.0107898,-0.00156632,-0.00791939,-0.000586988
14.05,0.0108033,-0.00155579,-0.00790222,-0.000588661
14.06,0.0108239,-0.0015449,-0.00790261,-0.000594873
14.07,0.0108486,-0.00153063,-0.00791619,-0.000606807
14.08,0.010873,-0.00151341,-0.0079406,-0.000625531
14.09,0.0108923,-0.00149732,-0.00797628,-0.000651595
14.1,0.0109026,-0.00148898,-0.00802538,-0.000685231
14.11,0.0109013,-0.00149592,-0.0080899,-0.00072677
14.12,0.0108878,-0.00152499,-0.00817,-0.000776542
14.13,0.0108631,-0.00158071,-0.00826299,-0.000834244
14.14,0.0108294,-0.00166337,-0.00836333,-0.000898296
14.15,0.0107896,-0.00176749,-0.00846347,-0.000965804
14.16,0.0107462,-0.00188206,-0.00855533,-0.00103319
14.17,0.0107008,-0.00199317,-0.00863215,-0.00109707
14.18,0.0106539,-0.00208792,-0.00868999,-0.00115506
14.19,0.0106065,-0.0021577,-0.00872857,-0.00120626
14.2,0.0105615,-0.00219971,-0.00875119,-0.00125095
14.21,0.0105238,-0.00221661,-0.00876371,-0.00128951
14.22,0.0104983,-0.00221503,-0.00877239,-0.00132163
14.23,0.0104875,-0.00220323,-0.00878149,-0.00134671
14.24,0.0104902,-0.00218854,-0.00879201,-0.00136497
14.25,0.0105024,-0.00217542,-0.00880222,-0.00137785
14.26,0.0105192,-0.0021649,-0.00880934,-0.00138736
14.27,0.0105367,-0.00215543,-0.00881095,-0.00139485
14.28,0.0105528,-0.00214425,-0.00880548,-0.00140034
14.29,0.0105671,-0.00212854,-0.00879175,-0.00140267
14.3,0.0105802,-0.00210608,-0.00876866,-0.00140032
14.31,0.0105928,-0.00207572,-0.00873542,-0.00139208
14.32,0.0106059,-0.00203774,-0.00869249,-0.00137723
14.33,0.0106198,-0.00199401,-0.00864225,-0.00135546
14.34,0.0106345,-0.00194796,-0.0085889,-0.00132684
14.35,0.0106493,-0.00190419,-0.00853699,-0.00129191
14.36,0.0106618,-0.00186785,-0.00848998,-0.00125172
14.37,0.0106694,-0.00184374,-0.00844972,-0.00120768
14.38,0.0106701,-0.00183508,-0.00841749,-0.00116128
14.39,0.0106641,-0.00184217,-0.00839519,-0.00111382
14.4,0.010654,-0.00186173,-0.0083854,-0.00106629
14.41,0.0106436,-0.00188761,-0.00838993,-0.00101957
14.42,0.010636,-0.0019126,-0.00840809,-0.000974712
14.43,0.0106325,-0.00193047,-0.00843578,-0.000933048
14.44,0.0106328,-0.00193736,-0.00846626,-0.000895974
14.45,0.0106356,-0.00193226,-0.00849187,-0.00086444
14.46,0.0106395,-0.00191691,-0.00850611,-0.000838601
14.47,0.0106431,-0.00189518,-0.00850519,-0.000817908
14.48,0.0106455,-0.00187197,-0.00848853,-0.000801525
14.49,0.010646,-0.00185193,-0.00845822,-0.000788736
14.5,0.0106448,-0.00183829,-0.00841774,-0.000779179
14.51,0.0106426,-0.00183236,-0.00837112,-0.000772916
14.52,0.0106406,-0.00183318,-0.00832261,-0.000770332
14.53,0.0106402,-0.00183772,-0.00827673,-0.000771894
14.54,0.0106427,-0.00184139,-0.00823777,-0.000777876
14.55,0.0106493,-0.00183934,-0.00820899,-0.000788216
14.56,0.0106608,-0.00182798,-0.00819203,-0.000802583
14.57,0.010678,-0.00180629,-0.00818706,-0.000820588
14.58,0.0107016,-0.00177618,-0.00819346,-0.000842001
14.59,0.0107315,-0.00174196,-0.00821044,-0.000866821
14.6,0.0107661,-0.00170917,-0.00823721,-0.000895179
14.61,0.010802,-0.00168341,-0.00827267,-0.000927197
14.62,0.0108342,-0.00166936,-0.0083151,-0.000962833
14.63,0.0108576,-0.00167029,-0.00836191,-0.00100172
14.64,0.0108682,-0.0016879,-0.00840991,-0.00104299
14.65,0.0108642,-0.0017222,-0.00845589,-0.00108522
14.66,0.0108456,-0.00177128,-0.00849753,-0.00112662
14.67,0.010814,-0.00183115,-0.00853387,-0.00116531
14.68,0.0107719,-0.00189599,-0.00856526,-0.00119975
14.69,0.0107222,-0.00195913,-0.0085926,-0.00122886
14.7,0.0106684,-0.00201453,-0.00861658,-0.00125207
14.71,0.0106144,-0.00205822,-0.0086374,-0.00126918
14.72,0.0105641,-0.00208897,-0.0086551,-0.00128021
14.73,0.010521,-0.00210811,-0.00867025,-0.00128545
14.74,0.0104877,-0.00211877,-0.00868432,-0.00128553
14.75,0.0104657,-0.0021249,-0.00869935,-0.00128147
14.76,0.0104555,-0.00213022,-0.00871692,-0.00127452
14.77,0.0104569,-0.00213715,-0.00873701,-0.00126575
14.78,0.0104692,-0.00214605,-0.0087573,-0.00125573
14.79,0.0104905,-0.00215494,-0.00877344,-0.00124438
14.8,0.0105184,-0.00215992,-0.00878019,-0.00123117
14.81,0.0105495,-0.00215613,-0.0087729,-0.00121542
14.82,0.0105809,-0.00213905,-0.00874879,-0.00119654
14.83,0.0106099,-0.00210589,-0.00870749,-0.00117419
14.84,0.0106349,-0.00205663,-0.00865103,-0.00114838
14.85,0.0106552,-0.00199442,-0.00858314,-0.00111951
14.86,0.0106701,-0.00192522,-0.00850849,-0.0010884
14.87,0.0106795,-0.00185667,-0.00843202,-0.00105631
14.88,0.0106835,-0.00179641,-0.00835873,-0.00102479
14.89,0.010683,-0.00175041,-0.0082936,-0.000995497
14.9,0.0106799,-0.00172176,-0.00824141,-0.000969873
14.91,0.0106767,-0.00171025,-0.00820628,-0.000948851
14.92,0.0106764,-0.00171285,-0.00819091,-0.000932686
14.93,0.0106811,-0.00172484,-0.00819582,-0.000920956
14.94,0.0106916,-0.00174112,-0.00821908,-0.000912739
14.95,0.0107072,-0.00175736,-0.00825646,-0.000906891
14.96,0.0107254,-0.00177083,-0.00830222,-0.000902345
14.97,0.0107429,-0.00178083,-0.00835018,-0.000898366
14.98,0.0107563,-0.00178879,-0.00839482,-0.000894701
14.99,0.0107628,-0.00179773,-0.0084323,-0.000891624
15.0,0.0107603,-0.00181125,-0.00846095,-0.000889838
