dts,Node_5,Node_80,Node_6,Node_99
0.005,-1.4423e-06,7.51227e-05,4.35568e-05,5.59032e-05
0.015,0.000102205,0.000211027,-9.87302e-05,2.59184e-05
0.025,2.54711e-05,6.57466e-05,8.41742e-05,-0.000248066
0.035,0.000311066,0.000151092,0.000161488,-0.00380226
0.05,0.000497264,-0.000442313,-0.00131311,-0.0418965
0.065,0.00128646,0.000422349,-0.00865507,-0.0676846
0.075,0.00150119,7.71712e-05,-0.0261108,-0.0361885
0.085,0.00176265,-0.00241859,-0.0538053,-0.0367818
0.095,0.0015383,-0.00773735,-0.0653622,-0.0506085
0.105,-0.000772056,-0.0159885,-0.0585321,-0.048203
0.115,-0.00411529,-0.0255419,-0.0546785,-0.0518592
0.125,-0.00757789,-0.0312669,-0.050879,-0.0531495
0.135,-0.00901058,-0.0313234,-0.0478603,-0.055947
0.145,-0.00600827,-0.0236571,-0.0601335,-0.044043
0.155,-0.0205482,-0.0299178,-0.0648708,-0.0360447
0.165,-0.0105209,-0.056456,-0.0589662,-0.0205409
0.175,-0.0110878,-0.0333617,-0.0589199,-0.0188172
0.185,-0.0098442,-0.0510343,-0.0377992,-0.0293359
0.195,-0.021165,-0.0341361,-0.0496221,-0.0226081
0.205,-0.0257759,-0.0322107,-0.0382092,-0.0368659
0.215,-0.0366889,-0.0662042,-0.0395764,-0.0307977
0.225,-0.0363785,-0.0444264,-0.0370046,-0.0672172
0.235,-0.0227773,-0.0313747,-0.0430511,-0.0126547
0.245,-0.0246826,-0.0282696,-0.0292152,-0.0508684
0.255,-0.0221084,-0.0209252,-0.0200514,-0.0231046
0.265,-0.0122092,-0.0341329,-0.0367996,-0.0561119
0.275,-0.0098274,-0.0425073,-0.0243989,-0.0380074
0.285,-0.00757871,-0.0183876,-0.0163214,-0.0492304
0.295,-0.00277338,-0.0353936,-0.0511155,-0.00261874
0.305,-0.00802362,-0.0210522,-0.0117592,-0.0344381
0.315,-0.0106334,-0.00833675,-0.0430463,-0.032544
0.325,-0.0125996,-0.0272792,-0.0299293,-0.0486176
0.335,-0.0142184,-0.0223118,-0.0216322,-0.0492879
0.345,-0.0209187,-0.0273941,-0.0196696,-0.0398159
0.355,-0.018009,-0.0200868,-0.0626098,-0.0322807
0.365,-0.0111499,-0.00978315,-0.0583569,-0.0155128
0.375,-0.0142885,-0.00814651,-0.0446769,-0.0054825
0.385,-0.0238039,-0.0130746,-0.0473416,-0.0113271
0.395,-0.0262394,-0.0087088,-0.0260819,-0.0267737
0.405,-0.0180443,-0.0101553,-0.0331896,-0.068615
0.415,-0.013608,-0.00690425,-0.0218769,-0.0644408
0.425,-0.0095991,-0.0191906,-0.0358715,-0.0523751
0.435,-0.00158903,-0.0209026,-0.065777,-0.0258293
0.445,0.00490619,-0.0187384,-0.0485748,-0.0193213
0.455,0.00344449,-0.0296879,-0.0375397,-0.00414724
0.465,-0.00199395,-0.0433202,-0.0220287,-0.00605963
0.475,0.00228485,-0.0513084,-0.0073683,-0.0223145
0.485,0.0105238,-0.0309446,-0.0153072,-0.0294085
0.495,0.00372603,-0.0155521,-0.0211236,-0.0294681
0.505,-0.00868141,-0.0158219,-0.00610078,-0.0201488
0.515,-0.0217523,-0.0210516,-0.000325645,-0.0184602
0.525,-0.0487662,-0.0253003,-0.00211494,-0.0381203
0.535,-0.0591119,-0.0357349,0.0014629,-0.0351584
0.545,-0.0462172,-0.0436138,0.000459268,-0.0230564
0.555,-0.0330808,-0.0429367,-0.0184403,0.00934603
0.565,-0.0235688,-0.0345562,-0.0346113,0.0777829
0.575,-0.0193819,-0.0193882,-0.0229606,0.0895898
0.585,-0.0185304,-0.00953383,0.0275403,0.0864956
0.595,-0.0314974,-0.00734503,0.0940655,0.0776394
0.605,-0.0470963,0.00720515,0.119586,0.00314435
0.615,-0.0444855,0.0209861,0.102636,-0.0130749
0.625,-0.0233532,0.0271952,0.0756719,-0.0498813
0.635,-0.00146183,0.0476973,0.0218301,-0.131871
0.645,0.00912581,0.047738,-0.0662436,-0.0889475
0.655,0.022268,0.0610619,-0.0855124,-0.000880194
0.665,0.0273295,0.0369105,-0.0800386,0.0247008
0.675,0.0163712,-0.00641589,-0.0828046,0.0531241
0.685,0.0112051,-0.00454559,-0.0411073,0.109018
0.695,0.00748034,0.0349633,0.0448115,0.100957
0.705,-0.00163935,0.0289151,0.108204,0.167099
0.715,0.00287965,0.0381276,0.132555,0.177464
0.725,-0.0170818,0.0383962,0.13506,0.0561657
0.735,-0.0264472,0.0292395,0.144623,-0.10975
0.745,0.0129334,0.0299335,0.117052,-0.0945274
0.755,0.043524,0.00276336,0.0494406,0.0212069
0.765,0.0193419,-0.0264273,-0.0583195,0.0681953
0.775,0.00406384,-0.0223623,-0.139731,0.0161469
0.785,-0.0116673,-0.0278612,-0.0909558,0.0552177
0.795,-0.014027,-0.0524846,0.0314025,0.08516
0.805,-0.0137919,-0.0533143,0.0983016,-0.0271599
0.815,-0.0386948,-0.0039772,0.106886,-0.00784095
0.825,-0.0619973,0.0432076,0.0883623,-0.0723032
0.835,-0.0229784,0.0750321,-0.0361018,-0.0347897
0.845,0.0205991,0.108697,-0.0515178,0.0309479
0.855,0.0527844,0.120265,-0.0196932,0.0878156
0.865,-0.00220442,0.0368174,0.0287808,0.0467616
0.875,-0.0379166,-0.0162453,0.106673,-0.072375
0.885,-0.0181705,-0.0707245,0.0842877,-0.243755
0.895,0.0104187,-0.109649,0.00381522,-0.325488
0.905,0.0418251,-0.0245918,-0.0823362,-0.239681
0.915,0.0605701,0.00242799,-0.200849,-0.125067
0.925,0.0225498,0.0377024,-0.368967,0.0106885
0.935,-0.0134537,0.04231,-0.379558,0.136189
0.945,-0.0158761,-0.0157167,-0.155918,0.198465
0.955,-0.0596112,-0.0415353,0.0402725,0.124399
0.965,-0.0422431,-0.137934,0.158262,0.0175896
0.975,-0.00462417,-0.0839179,0.131395,-0.00331024
0.985,0.0218499,-0.0600302,0.02744,-0.0765761
0.995,0.0135382,-0.0881376,0.033791,0.0696369
1.01,-0.069365,-0.187008,0.0547674,-0.132005
1.025,-0.107315,-0.15351,-0.138171,-0.124249
1.04,-0.191377,-0.0163768,-0.168247,0.10378
1.055,-0.00212144,0.0340138,-0.180519,0.134664
1.07,-0.0566503,0.051079,0.229273,-0.102955
1.085,0.0468634,0.0757036,0.286595,-0.161221
1.1,0.0654238,0.106487,0.0621909,-0.0237824
1.115,0.103442,0.146533,-0.225419,0.349929
1.13,0.0472267,-0.115014,-0.0846756,0.151766
1.145,-0.00613968,-0.191356,0.349738,-0.630261
1.16,0.0772307,-0.0905586,0.0204732,-0.552971
1.175,0.026045,0.269551,-0.672674,0.455052
1.19,-0.00363168,0.129672,-0.455873,0.514533
1.205,-0.140365,-0.129551,0.240717,0.0821518
1.22,-0.0323691,-0.0785101,0.735492,-0.302176
1.235,0.0657681,-0.136679,0.109791,-0.327781
1.25,0.0136364,0.201652,-0.391722,-0.297388
1.265,-0.0238864,0.00187353,-0.464588,0.552524
1.28,-0.0333351,-0.320822,-0.0892787,0.673636
1.295,-0.0822592,-0.218117,0.676811,-0.0916887
1.31,0.167517,0.0131075,0.841526,0.0608728
1.325,0.0251866,0.472315,-0.0098469,0.047959
1.34,-0.270123,0.995767,-0.110465,-0.512498
1.355,0.105893,0.0708227,-0.427131,0.552342
1.37,0.258845,-0.368473,-0.0484911,1.07458
1.385,-0.0186768,-0.40638,0.984261,0.847715
1.4,0.519134,-0.114068,1.10204,0.887996
1.415,-0.236583,0.904444,1.00009,-0.247195
1.43,-0.210027,1.19731,0.371786,-1.49494
1.445,0.362226,1.07776,-1.09361,0.110398
1.46,0.507064,0.449017,-1.31857,0.723454
1.475,0.993889,-1.41141,0.12179,-0.123491
1.49,0.669676,-1.43639,1.44351,-0.575456
1.505,-0.453765,-0.230432,-0.18618,-1.09825
1.52,-0.830163,0.599411,-1.44567,-0.843621
1.535,-0.932427,0.33011,-1.45817,-0.112641
1.55,-0.421804,-0.376878,-0.365055,-0.812829
1.565,0.228851,-1.18441,0.0788995,-0.554317
1.58,0.892478,-0.423141,-0.677568,1.06196
1.595,0.188528,-0.011629,0.0231363,0.418836
1.61,-0.382818,-1.12262,0.615212,1.00863
1.625,-0.899672,-0.756169,0.536949,0.989433
1.64,-0.923338,1.95933,0.919443,-0.38019
1.655,0.346574,1.0373,0.416355,-0.333778
1.67,1.37817,1.62696,0.241528,1.09381
1.685,0.382697,0.586027,0.60333,1.23332
1.7,0.195579,-0.258579,1.6495,0.0954587
1.715,0.665054,0.0784546,1.06784,0.0861311
1.73,0.2107,0.796114,-0.0865522,0.491667
1.745,-0.330417,0.560109,-0.59516,-0.211171
1.76,0.0372667,-0.199234,-0.0797771,0.383546
1.775,-0.202389,-1.07834,0.116382,-1.24238
1.79,0.027494,-0.655214,0.460365,-2.67915
1.805,0.246267,-0.358044,-2.19354,-1.5753
1.82,0.405432,0.102271,-2.9826,0.983052
1.835,-0.429019,-1.95419,-2.0943,-0.0685457
1.85,-0.118117,-1.54916,0.660386,-1.32504
1.865,-0.426517,-0.317435,0.683021,-0.0408912
1.88,-0.0184459,0.63231,-0.259746,0.531538
1.895,-0.1669,0.134756,-0.117806,1.45278
1.91,-0.909982,0.171455,1.31115,0.881513
1.925,-1.2113,0.54056,1.6917,-1.30306
1.94,-0.737152,1.67287,-0.235365,-0.205435
1.955,1.89473,2.34173,-1.26898,1.5412
1.97,1.8263,-0.330459,1.61132,1.01353
1.985,-0.0383283,-1.52887,3.30102,-0.962957
2.0,-0.864334,0.302457,0.977028,-0.179548
2.01,-0.499291,1.52048,-1.03573,-0.119459
2.02,0.342682,1.00281,-1.82037,0.0302471
2.03,-0.117601,-0.40355,-2.1645,0.0338452
2.04,-0.800984,-1.33009,-2.35782,1.11107
2.05,-0.84935,-1.69933,-1.37194,1.33773
2.06,-0.31299,-1.26222,0.317132,-0.312791
2.07,0.326627,-0.937766,0.986966,-2.65195
2.08,1.32441,-0.0909062,0.745775,-2.78731
2.09,0.997098,0.0860639,-0.78142,-2.15268
2.1,0.104374,-0.112921,-1.99531,-0.822966
2.11,-0.929457,-0.157502,-1.64084,-0.418624
2.12,-0.87495,-1.11443,-1.66864,-0.279856
2.13,-0.551082,-1.18485,-1.51027,0.104076
2.14,-0.309059,0.114046,-1.04715,-0.0600323
2.15,1.24691,0.286479,-0.498958,0.338424
2.16,1.51137,-0.163373,0.632402,0.425298
2.17,0.346065,0.15579,1.81685,-0.408303
2.18,-0.80489,0.221942,1.49901,-1.34884
2.19,-1.24627,-0.160024,0.99743,-3.37114
2.2,-0.719056,0.169951,-0.0395351,-2.53519
2.21,-1.1837,0.911943,-1.24701,-1.02907
2.22,-0.583492,0.631065,-1.92202,1.63546
2.23,-0.964556,0.27647,-2.21629,2.46658
2.24,0.1236,-0.510295,-1.78197,2.20697
2.25,0.113139,-1.29148,-0.193404,2.14366
2.26,-0.222107,-1.23267,2.36617,0.433457
2.27,-0.687121,-0.935451,2.68018,-0.882143
2.28,-0.276642,-0.771829,1.77101,-1.28357
2.29,0.14998,-0.30447,0.17489,-1.10813
2.3,0.266999,1.58895,-1.1026,1.30145
2.31,-0.0965946,-0.164003,-1.78755,2.96977
2.32,0.202505,-0.0553247,-0.526083,1.02997
2.33,0.248691,-1.19546,-1.05309,-0.968204
2.34,0.0719928,-1.04059,0.449851,-1.39479
2.35,0.541233,-0.284697,0.918508,-1.67634
2.36,0.529857,0.236756,-0.00320585,-2.57049
2.37,0.929014,0.600165,-1.25715,-1.215
2.38,0.382127,1.54864,-1.37926,0.374878
2.39,0.0802461,0.894077,-0.301549,0.866143
2.4,-0.36324,-0.160375,-0.209606,0.283809
2.41,-0.163151,-0.925234,-0.381876,-0.711202
2.42,0.0140863,-0.77411,0.166623,-0.230505
2.43,0.549436,-0.203067,-0.0378316,-0.415471
2.44,0.0870214,-0.503271,-0.511024,-1.01697
2.45,0.228621,-0.340954,-0.541736,-0.800453
2.46,-0.366707,-0.233227,-0.122708,-0.206549
2.47,-0.627806,-0.734677,0.159086,-0.16078
2.48,-1.25067,-0.926636,-0.451858,-0.782033
2.49,-0.0727058,-0.583824,-0.751325,-0.0320003
2.5,0.664946,-0.71263,-0.846003,0.913023
2.51,0.386556,-0.613999,-1.38193,0.533194
2.52,-0.0783419,-0.552411,-1.01196,-0.443643
2.53,-0.875674,-0.420212,0.521859,-0.457567
2.54,-0.623048,-0.154338,1.43253,-0.165605
2.55,-0.16308,-0.208886,0.63234,0.974695
2.56,0.229213,-0.548501,-0.419653,1.29453
2.57,0.301807,-0.301328,0.581177,0.892179
2.58,-0.174907,0.113289,1.48496,0.875035
2.59,-1.24859,0.0262541,1.82429,1.02183
2.6,-0.868941,0.792509,1.29107,1.51097
2.61,0.0185072,1.20659,0.635176,0.536438
2.62,0.408063,1.67527,0.516862,-0.518092
2.63,-0.056699,1.20902,0.857097,-0.648515
2.64,0.124619,1.3036,0.574893,-0.538884
2.65,0.112314,1.1174,0.388649,-1.7473
2.66,-0.0869552,0.056545,0.203265,-1.92162
2.67,0.0260508,-0.215584,-0.765618,-0.613724
2.68,0.263661,-0.0943271,-1.81997,0.668768
2.69,1.1135,-0.00304464,-2.10895,1.00721
2.7,0.383778,-0.379402,-2.16365,0.186325
2.71,0.510414,-0.341917,-0.778716,-0.906591
2.72,0.208599,-0.107126,0.37638,-0.475943
2.73,0.396411,0.0618948,0.0340228,0.1262
2.74,-0.0109836,-0.548469,-0.311855,-0.517151
2.75,-0.0738958,-0.648101,0.0524223,-1.20346
2.76,-0.46363,-0.63218,0.334653,-0.879386
2.77,-0.750502,-0.530585,-0.462668,-0.424012
2.78,-0.0650878,-0.163522,-1.5742,0.931057
2.79,0.135247,-1.06359,-1.51746,1.54123
2.8,-0.431022,-1.40013,-0.566735,2.28795
2.81,-0.0423415,-0.574156,1.2604,3.46021
2.82,0.155475,-0.286812,3.82769,2.16492
2.83,-0.0521831,-0.0132327,4.31737,1.63327
2.84,0.336251,-0.493264,3.28805,2.30883
2.85,-0.235465,2.01786,1.98687,3.71383
2.86,0.0349151,3.87094,1.92412,3.25856
2.87,-0.30722,3.44362,2.14694,2.66446
2.88,-0.584934,3.17333,1.7798,3.24131
2.89,-0.452367,2.61388,2.26927,2.88467
2.9,0.297226,2.4299,3.56741,3.53976
2.91,1.3645,2.43074,3.4222,3.64086
2.92,1.59852,1.65733,3.09474,3.3729
2.93,2.93903,2.74362,3.519,3.95282
2.94,2.40256,3.43429,3.55867,4.02268
2.95,2.77609,3.28607,3.57287,2.94685
2.96,1.34295,2.57067,3.7512,2.67371
2.97,1.5024,2.23725,3.37945,2.18747
2.98,1.14273,1.76751,2.88744,2.42643
2.99,1.74841,1.6858,2.74092,2.893
3.0,1.77053,1.72221,2.56359,3.66185
3.01,1.52142,2.0839,2.26301,3.32508
3.02,1.72425,2.34976,2.1698,3.2528
3.03,2.00397,2.26842,2.11614,2.084
3.04,1.58765,1.64056,1.91687,1.73195
3.05,1.13604,1.28066,2.13384,1.05803
3.06,1.11998,1.25835,2.68594,1.92183
3.07,0.87936,0.813023,1.90021,1.07135
3.08,0.87287,0.0014814,1.961,1.31675
3.09,0.573613,-0.847813,3.44485,0.210981
3.1,0.72465,-1.04907,2.87258,2.91543
3.11,0.787458,-0.419177,1.68953,3.45516
3.12,-0.0320266,-0.349795,3.37582,4.13712
3.13,-1.01853,0.0553709,4.53845,4.2881
3.14,-1.0124,0.644938,4.39857,4.19305
3.15,-1.28934,-0.0355449,4.01555,3.00289
3.16,-0.952616,0.285608,4.65848,5.2499
3.17,-0.650529,1.53606,4.52827,3.90509
3.18,-0.147813,1.30782,4.38001,3.0335
3.19,0.371889,1.30896,3.94917,4.4915
3.2,0.95491,2.22609,3.27718,1.91139
3.21,0.205615,2.86792,3.44664,3.13276
3.22,0.25958,2.84447,2.34311,4.18123
3.23,1.29238,2.56923,3.74907,2.04901
3.24,1.28134,2.66928,2.26384,0.732341
3.25,0.433606,2.76197,3.40465,2.39582
3.26,0.827429,4.21199,1.44968,-1.88702
3.27,1.14871,3.24111,3.64391,0.587293
3.28,0.524002,1.8186,3.28535,-1.83574
3.29,0.010124,2.03098,3.09982,-3.36702
3.3,-0.360441,1.61862,2.53678,-0.515985
3.31,-0.119857,2.75665,-0.137459,-5.01758
3.32,-0.0490593,1.35526,1.13435,2.17249
3.33,-0.761278,0.163437,0.162751,-2.98956
3.34,-1.00955,-0.23138,-2.25422,-1.46603
3.35,-0.788578,1.10631,-0.743635,-7.62736
3.36,-1.43034,2.00747,-2.93707,-2.48685
3.37,-2.00511,0.172959,-4.62648,-5.85708
3.38,-2.2851,0.666822,-3.97402,-5.16723
3.39,-1.07135,0.155431,-2.77943,1.74468
3.4,-0.815912,1.68135,-2.70666,-4.82243
3.41,-1.00985,-0.208101,-4.3815,2.91932
3.42,-1.3996,0.801686,-4.88652,-2.48822
3.43,-2.39603,0.0873829,-3.86998,0.330988
3.44,-1.02773,0.175369,0.42998,3.7496
3.45,-0.696117,-0.596587,-1.40375,5.9094
3.46,-0.299563,4.82319,2.20806,6.64508
3.47,0.159958,0.541936,4.75137,4.67187
3.48,-0.215894,2.3529,4.36611,4.33616
3.49,-0.235406,5.51264,6.58098,3.20688
3.5,-0.156571,5.55514,4.44125,4.84803
3.51,-0.416983,9.32296,7.02843,5.42825
3.52,-0.528039,10.7177,4.58256,3.49688
3.53,-0.797622,6.07146,6.77152,4.09944
3.54,-0.191128,5.19357,6.67246,8.47065
3.55,-0.374326,5.29101,5.64801,7.78472
3.56,-1.20601,3.37607,7.21515,7.43691
3.57,-0.948387,3.19518,7.70587,12.2391
3.58,2.35269,2.00639,7.54297,9.33015
3.59,3.60897,5.04452,4.29616,5.08822
3.6,3.8149,3.88017,2.54726,4.02577
3.61,3.37699,3.97888,-0.479144,2.37768
3.62,1.89755,5.61447,-0.613701,0.828205
3.63,0.988278,4.31051,3.43226,-1.42446
3.64,-0.133772,5.19692,-1.80471,0.665021
3.65,0.0420754,4.58151,2.79197,0.071951
3.66,0.399487,5.06953,-0.9077,0.360733
3.67,1.20272,1.4225,1.49689,-4.71293
3.68,0.910044,-0.804264,-2.6135,-7.45278
3.69,2.19334,1.616,-6.13978,-7.10032
3.7,2.29294,-2.64426,-7.49585,-6.26812
3.71,0.524024,-4.11611,-6.33856,-5.34236
3.72,1.35811,-3.84404,-6.52444,-6.43603
3.73,0.457984,-4.77649,-5.95981,-5.3574
3.74,1.50198,-4.72001,-4.62589,-6.9377
3.75,2.67322,-4.4568,-2.52632,-5.70719
3.76,4.09761,-6.7056,-3.40016,-8.44952
3.77,5.673,-4.7395,-3.09804,-9.15229
3.78,7.02584,-3.27614,-4.0726,-9.40639
3.79,6.30563,-4.00009,-5.44807,-9.66244
3.8,4.69417,-5.0933,-6.59333,-9.31118
3.81,3.79182,-5.43299,-8.78661,-10.051
3.82,1.85954,-4.49184,-9.25216,-10.3368
3.83,-0.455724,-6.37209,-10.6896,-10.947
3.84,-2.33614,-6.71989,-11.0138,-9.40605
3.85,-3.4354,-7.67953,-10.3745,-8.98468
3.86,-5.30169,-8.15975,-9.16906,-9.48395
3.87,-7.42268,-8.10182,-10.7576,-7.83747
3.88,-8.68414,-8.35849,-11.3937,-6.11594
3.89,-8.81314,-8.10963,-9.25265,-5.38899
3.9,-7.33101,-7.81705,-8.6961,-6.48051
3.91,-5.72586,-5.40372,-9.52891,-6.04795
3.92,-3.8533,-4.36084,-8.45584,-3.71749
3.93,-2.0114,-4.63937,-7.52781,-0.845173
3.94,-1.54405,-2.22228,-7.6403,-0.479173
3.95,-2.34846,-1.92665,-8.3168,1.32464
3.96,-3.19059,0.184993,-8.78769,-0.140019
3.97,-2.67239,0.366934,-6.51059,0.957695
3.98,-2.05988,-1.27081,-4.92778,5.66193
3.99,-0.235089,2.12528,-6.40119,8.79438
4.0,0.822429,0.605292,-1.09826,5.52474
4.01,0.227807,1.97372,-2.05413,6.70731
4.02,1.95874,1.48742,-0.82885,9.04986
4.03,2.65419,1.3362,1.32769,10.7263
4.04,3.56301,3.82972,1.70393,7.76331
4.05,3.33075,2.37799,4.0655,6.02595
4.06,0.910276,5.26504,4.52125,6.87634
4.07,-0.621326,6.21842,4.9973,5.0227
4.08,-0.594657,7.3774,9.08572,4.18063
4.09,0.124125,3.73994,6.98093,2.07206
4.1,0.828653,3.5412,5.77311,4.85795
4.11,0.891107,6.68265,6.54691,-2.73435
4.12,1.56558,-0.778561,9.06571,-13.8488
4.13,1.97242,-2.2071,0.904802,-12.5358
4.14,3.09759,-0.254362,3.30467,-9.49282
4.15,3.36639,1.48929,2.6484,-5.4207
4.16,3.90222,-2.26342,0.952782,-11.8298
4.17,6.13691,-2.50781,2.38347,-11.1906
4.18,8.86612,-1.36036,-11.5078,-11.9367
4.19,11.0944,-11.7937,-3.68735,-9.57573
4.2,13.8631,-9.96332,-10.4756,-8.31479
4.21,12.9227,-12.7033,-9.19212,-4.91834
4.22,8.16272,-7.36167,-9.61117,-12.3879
4.23,0.000153362,-3.38027,-10.6149,-13.8096
4.24,-6.75611,-0.547206,-14.124,-13.1026
4.25,-13.169,8.33955,-12.4379,-15.1001
4.26,-16.1255,-6.53669,-11.2082,-12.1198
4.27,-16.6238,-20.3803,-10.4298,-13.0067
4.28,-0.715154,-2.38904,-10.5716,-7.20842
4.29,-8.66591,-21.107,-12.3302,-3.45149
4.3,-4.32844,-4.29276,-13.1782,-1.64531
4.31,-7.01137,-22.4276,-12.6313,-2.92203
4.32,-5.24518,-8.34974,-10.7229,-1.44047
4.33,-6.05224,-17.4523,-6.68794,-0.3897
4.34,-2.20976,-13.028,-3.47136,1.58095
4.35,-1.08127,-11.2202,1.30094,1.1962
4.36,-1.40138,-7.08197,1.61279,2.67599
4.37,-1.83959,-2.05443,-0.0885955,1.34234
4.38,-3.22886,3.91467,1.1437,6.28806
4.39,-1.63299,5.36001,5.42315,5.35759
4.4,-0.797166,5.23371,5.40035,4.64382
4.41,0.238057,3.33914,6.76017,-2.72829
4.42,1.03511,3.8489,9.25051,3.4346
4.43,1.07646,3.88717,9.00051,2.53654
4.44,2.85074,1.74281,12.6594,0.782934
4.45,5.09042,-1.13096,9.8643,2.9739
4.46,5.62253,-0.45708,4.34285,0.696037
4.47,-1.43111,1.61719,0.197956,-0.139895
4.48,-0.283444,6.85011,-1.04321,6.28392
4.49,1.07563,3.37987,2.07625,5.22681
4.5,1.21697,3.86673,2.68217,1.71383
4.51,2.07782,3.16783,5.66184,-1.60891
4.52,1.38025,1.74212,3.07312,0.849373
4.53,2.16553,4.85604,0.359659,-1.45394
4.54,1.47659,5.98655,0.861425,-6.30279
4.55,1.98806,2.10366,-2.42926,-3.13492
4.56,2.06793,0.999966,-1.20232,-5.58843
4.57,2.75837,0.961974,-2.22308,-2.8941
4.58,2.6461,-0.579813,-1.96913,-2.42226
4.59,2.49879,-0.533837,-1.44781,-4.89844
4.6,1.083,-1.39363,-3.8468,0.442635
4.61,-1.06809,-1.53072,-3.5591,-2.66236
4.62,-2.38699,-3.06823,-3.08264,1.99612
4.63,-2.21851,-3.03048,-3.64101,-4.5481
4.64,-1.40728,-3.03414,-3.98009,13.0121
4.65,-1.55351,-2.84285,-3.50341,4.63409
4.66,-1.12027,-1.78039,2.16698,7.95709
4.67,-1.20272,-0.770257,6.06226,10.4989
4.68,-1.9196,-0.212193,1.16557,4.90716
4.69,-2.69854,-2.26162,2.19727,13.6052
4.7,-3.09035,-0.22875,1.42022,1.94227
4.71,-3.15921,0.554051,2.6019,1.42967
4.72,-3.19856,-0.14664,2.76558,0.400135
4.73,-4.39561,-9.01371,2.93329,1.20432
4.74,-4.66606,-7.48942,8.20071,0.302491
4.75,-4.94813,-7.61459,8.51522,1.02411
4.76,-3.88266,0.848603,-3.2769,0.171806
4.77,-3.54247,0.798605,-0.886056,4.0385
4.78,-1.2469,-3.4966,1.19482,2.33291
4.79,1.43625,-2.63125,7.20842,4.57247
4.8,-0.713696,-0.896038,8.29649,4.77216
4.81,0.430918,1.43448,4.34234,2.64915
4.82,2.30056,1.08295,3.99218,-2.71309
4.83,1.91261,3.11521,3.35418,1.4386
4.84,0.166951,3.03566,2.66743,-2.24708
4.85,2.28707,3.27423,2.64702,-0.704748
4.86,0.792049,3.76236,1.3018,-0.194532
4.87,0.510943,4.07837,1.06586,-1.60497
4.88,1.37809,3.03868,-3.49189,-2.63861
4.89,0.194146,2.19407,-2.91281,-4.98377
4.9,1.88398,1.88642,-2.55688,-1.08467
4.91,0.742914,0.498697,-3.36304,-0.66259
4.92,0.815915,-0.224156,-2.74862,1.2037
4.93,0.774463,-0.688953,-2.83713,-0.0163524
4.94,1.5163,-1.1902,-1.94435,-1.85013
4.95,2.65859,-1.48586,-0.542517,-2.18754
4.96,1.63711,-1.74427,-0.539882,-2.19218
4.97,0.7504,-2.11387,-2.13669,-1.50001
4.98,1.14715,-1.35443,-3.64975,-2.42285
4.99,1.91708,-1.09165,-2.89522,-2.31497
5.0,1.95207,-0.234643,-2.82115,-1.65734
5.01,0.720882,-0.834715,-2.66788,-1.62117
5.02,0.518115,-2.13876,-1.84895,-2.47265
5.03,-0.622055,-1.02951,-0.270298,-3.13527
5.04,-0.259343,-1.85392,0.754732,-3.90432
5.05,-2.28183,-1.11316,-0.433688,-3.79796
5.06,-1.79938,-1.74088,-0.76478,-4.78938
5.07,-2.81998,-1.43457,-0.74307,-6.13045
5.08,-3.00926,-1.83578,-1.81438,-5.35066
5.09,-3.70697,-1.48975,-2.49484,-5.39652
5.1,-3.67894,-2.00151,-3.08379,-5.31126
5.11,-3.48243,-1.7308,-3.98648,-4.24133
5.12,-3.11575,-1.42923,-4.28802,-3.73697
5.13,-2.57281,-1.50807,-3.88813,-2.14096
5.14,-2.29699,-1.10154,-3.52525,0.22227
5.15,-2.1743,-1.53302,-3.90889,0.959706
5.16,-1.74419,-1.8753,-3.59591,1.39376
5.17,-1.20712,-1.50889,-2.62306,2.83928
5.18,-0.847839,-0.987076,-1.5893,3.71447
5.19,-0.557418,-0.171667,-2.33047,4.06167
5.2,-0.834294,0.514601,-2.862,0.990775
5.21,-0.552336,1.81183,-1.59889,-0.268467
5.22,-0.519793,1.69428,-0.115586,-0.922542
5.23,-0.668864,2.31105,0.45322,-1.44551
5.24,-0.232978,1.35231,0.820362,-0.968881
5.25,0.116447,-0.177127,1.19309,-1.61375
5.26,0.777952,-0.903362,-0.7606,-2.43921
5.27,1.31273,0.0564685,0.874121,-2.71287
5.28,1.37445,-0.635911,0.0177763,-0.897095
5.29,1.79598,-0.17779,-1.07481,-0.254365
5.3,2.71058,0.892351,-1.92006,-0.0663092
5.31,3.613,0.604451,0.315437,0.224972
5.32,4.29385,-0.397282,0.0756928,-0.0758094
5.33,5.24024,-0.490688,-1.14255,-1.91378
5.34,5.23933,-0.85117,-0.682938,-0.477246
5.35,4.29884,-1.07812,-0.515751,-1.03014
5.36,3.26067,-0.986317,-1.79038,0.0582261
5.37,1.58726,-0.259388,-1.69135,0.782791
5.38,0.792345,-0.365603,-1.61283,0.392006
5.39,0.757045,-0.836306,-1.65988,0.900851
5.4,-0.0580998,-1.26302,-0.612398,0.977198
5.41,-0.715811,-1.64188,0.582227,0.855419
5.42,-1.48215,-1.59491,1.22431,-0.291048
5.43,-1.69312,-1.19339,0.605425,0.208755
5.44,-1.87871,-1.29471,-0.235517,0.758318
5.45,-1.99859,-1.83278,-0.100352,1.22862
5.46,-2.013,-1.88165,0.563932,1.62465
5.47,-1.98322,-1.53587,1.29975,2.08616
5.48,-1.71604,-1.67309,3.29315,3.08639
5.49,-1.65908,-1.39813,5.10596,3.71443
5.5,-1.21631,-1.67501,6.07423,3.98562
5.51,-0.529795,-1.14384,5.77696,5.41452
5.52,-0.84968,-0.569484,4.3161,5.21385
5.53,-0.29663,-0.959974,3.19372,5.05361
5.54,0.20294,2.58414,3.06419,4.82884
5.55,-0.647684,2.4713,3.33427,4.01194
5.56,-0.568643,2.97784,3.55449,2.15211
5.57,-0.80078,2.63011,3.67569,2.21699
5.58,-0.961988,3.18215,3.48312,1.67235
5.59,-0.582563,3.84913,3.28363,0.645906
5.6,-0.244404,2.30108,3.9053,0.302537
5.61,0.0237034,2.53583,3.72906,0.414258
5.62,0.307386,2.53495,2.59909,1.03957
5.63,0.351321,2.26359,1.34441,-0.678132
5.64,-0.312135,2.94136,0.55707,-0.701622
5.65,0.446501,1.29096,-0.583493,0.277277
5.66,0.14075,1.96018,-0.621889,-0.687483
5.67,0.673873,1.34988,-0.432386,-0.178767
5.68,0.981349,0.325206,-1.15519,-0.586229
5.69,0.351374,1.78811,-2.76296,0.561122
5.7,1.45068,0.287572,-2.34396,-0.288766
5.71,0.388958,0.989499,-1.9706,-0.209437
5.72,0.541188,0.507165,-0.483317,-0.276736
5.73,1.05124,-0.0458129,0.333745,0.266158
5.74,1.16917,-0.234294,1.9123,0.428005
5.75,0.309821,-0.412227,2.38725,0.541439
5.76,0.086069,-0.113788,2.16877,1.24414
5.77,-0.150056,0.0356592,2.91483,2.08489
5.78,-0.985643,0.187955,3.03043,2.7625
5.79,-1.42516,0.486244,2.86881,2.38537
5.8,-0.863355,0.907681,2.43909,3.05463
5.81,-2.26705,1.14088,2.43653,3.31632
5.82,-0.801385,1.75281,1.88173,2.75352
5.83,-1.26912,2.27774,1.67278,3.549
5.84,-1.58897,2.66008,2.55443,3.57065
5.85,-0.840381,2.05305,2.95197,3.95833
5.86,-1.18831,2.39377,3.9024,4.4514
5.87,-0.39887,2.9729,4.02823,3.47056
5.88,-0.285721,2.70249,3.48525,3.91883
5.89,-1.09374,3.07383,2.25959,3.0807
5.9,-0.792489,2.64853,2.08071,1.71924
5.91,-1.33924,3.07943,2.62685,1.7717
5.92,-0.843518,2.94177,3.0818,2.24795
5.93,-0.599115,2.05734,2.74553,2.15504
5.94,-0.259379,2.14187,2.65318,2.96539
5.95,0.503339,1.24136,2.40962,1.12269
5.96,1.03653,1.96339,2.32989,-1.62948
5.97,1.29489,1.77472,1.97145,-3.6973
5.98,1.30775,2.06325,1.18982,-0.363972
5.99,1.13532,1.45757,-0.670911,0.342988
6.0,1.4827,0.720591,-0.227262,-1.65045
6.01,1.52278,-0.620585,-3.11656,0.990303
6.02,1.57144,0.486969,0.149231,-0.359486
6.03,1.69926,2.38996,0.912759,1.58424
6.04,1.24638,-0.89722,-0.904537,1.34675
6.05,0.90012,2.27605,0.169688,1.28034
6.06,0.961163,-0.420524,-0.385336,-2.57949
6.07,0.872019,1.26875,-0.119043,-2.6966
6.08,0.0164718,1.21682,-0.694891,1.24246
6.09,-1.60081,1.08436,-0.0121988,1.92538
6.1,-1.78238,0.546597,0.353254,2.74021
6.11,-1.69113,0.0982751,0.0917623,4.1073
6.12,-0.633537,0.759734,0.831365,2.04066
6.13,0.605171,0.805031,3.75253,2.0562
6.14,0.571465,1.90633,3.56663,1.07341
6.15,1.7035,1.34978,2.9149,-1.01212
6.16,2.02438,1.06787,2.15272,-1.1077
6.17,1.814,3.0831,1.63808,0.955282
6.18,2.52349,3.16966,-0.884662,2.26248
6.19,2.88508,2.97059,-1.37464,1.47224
6.2,1.06276,3.04796,0.0970315,1.34747
6.21,-0.0429818,1.30569,1.07629,0.984423
6.22,0.862223,-0.364675,2.63389,0.314473
6.23,0.309998,0.200488,2.95131,0.183792
6.24,-0.253802,-0.0662176,2.65143,0.0590369
6.25,-0.416552,-0.0190371,2.05102,0.8836
6.26,-0.411644,0.493889,0.677556,1.93784
6.27,-0.22223,0.682547,-0.374105,2.32653
6.28,-0.501394,0.513175,-0.44746,1.64274
6.29,-0.838766,-0.389359,-0.308441,0.358577
6.3,-0.743378,-1.78959,-0.208458,-0.418228
6.31,-0.374095,-2.35996,-0.891414,-0.782716
6.32,0.966371,-1.58839,-1.87649,-0.691342
6.33,1.33675,-0.97513,-2.09123,-0.75315
6.34,1.0998,-0.822585,-1.87864,-1.41771
6.35,1.03624,-0.868637,-1.91748,-1.78104
6.36,0.260004,-1.54304,-1.50758,-1.512
6.37,-0.0187229,-0.943231,-0.725691,-1.62568
6.38,0.187409,0.564965,-0.698124,-2.0352
6.39,0.358634,0.917857,-0.686239,-2.52517
6.4,0.32553,0.247887,-0.590814,-2.5232
6.41,-0.360952,0.201324,-2.16564,-1.89359
6.42,-0.860453,0.172852,-1.53231,-1.27674
6.43,-1.10122,0.0944938,-1.15004,-1.03394
6.44,-1.25275,-0.0424795,-0.965104,-1.523
6.45,-1.29088,-0.304838,-0.75763,-1.89168
6.46,-1.08292,-0.887977,-1.01802,-1.91212
6.47,-0.810183,-1.31086,-1.10033,-2.0516
6.48,-1.06696,-1.71323,-1.55395,-1.57676
6.49,-1.14299,-1.89804,-1.66099,-1.26799
6.5,-0.807644,-1.96509,-1.36643,-1.27514
6.51,-0.427491,-1.61964,-1.89885,-0.219573
6.52,-0.227265,-1.00907,-2.08808,0.865586
6.53,-0.613795,-0.99686,-1.54757,1.82513
6.54,-0.772846,-1.26822,-0.310745,1.73087
6.55,-0.565685,-1.30066,1.31896,2.2891
6.56,-0.541051,-1.09052,2.25417,3.24179
6.57,-0.39186,-0.713737,2.61973,2.52258
6.58,-0.105141,-0.0956699,3.07655,2.80346
6.59,0.105708,1.32193,3.31547,3.27255
6.6,-0.0230619,1.74136,3.36056,3.40753
6.61,-0.475527,2.78492,3.0614,3.10112
6.62,-0.868878,3.55075,2.46768,3.24267
6.63,-0.728848,4.56489,3.05289,2.50543
6.64,0.570199,4.20276,4.16007,2.73185
6.65,1.3839,2.81696,3.93275,2.60834
6.66,2.76562,2.67532,3.70749,2.17341
6.67,2.96642,2.42326,3.04655,1.20775
6.68,2.64361,2.1269,2.08214,0.00132403
6.69,2.14572,2.0069,0.918825,0.0719686
6.7,2.35016,1.10793,0.302949,-0.991008
6.71,2.28343,0.510636,-0.191076,-1.1806
6.72,1.73082,-0.16648,-1.35924,-0.822871
6.73,0.946996,-0.709968,-1.96225,-0.627854
6.74,-0.0933574,-1.74108,-2.28862,-0.768144
6.75,-0.78226,-1.76843,-1.84911,-0.899391
6.76,-1.05207,-1.98199,-2.09074,-0.851783
6.77,-1.49228,-1.75551,-2.08864,-1.21152
6.78,-1.86454,-1.21844,-1.96333,-1.45133
6.79,-1.00098,-1.02454,-1.46895,-1.51739
6.8,-0.506596,-1.21321,-0.993786,-1.37824
6.81,0.0445775,-1.19621,-0.535142,-1.23419
6.82,0.578575,-0.977577,-0.633393,-0.866567
6.83,1.15773,-0.737601,-0.986106,-0.444936
6.84,0.860208,-0.210267,-0.787026,-0.377858
6.85,0.564343,0.103668,-0.725861,-0.432411
6.86,0.501455,-0.0797948,-0.622155,-0.525528
6.87,0.0508945,-0.139097,-0.330662,-0.475831
6.88,-0.460879,0.290209,0.0262089,-0.249666
6.89,-0.484931,0.838394,0.395482,0.177237
6.9,-0.370685,1.09096,0.887307,0.480912
6.91,-0.151953,0.965371,1.2283,0.433763
6.92,-0.386144,0.77928,0.554061,0.675455
6.93,-0.879152,0.625077,0.505676,1.0783
6.94,-0.974856,0.646459,0.638036,1.21658
6.95,-0.979547,0.459593,0.746085,1.30864
6.96,-0.803153,0.186151,1.111,1.54022
6.97,-0.330731,-0.0801012,1.70866,1.33556
6.98,0.167757,-0.410073,2.12532,0.698043
6.99,0.257092,-0.48588,1.89255,0.0543479
7.0,0.814041,-0.350807,1.2458,-0.40936
7.01,1.0457,0.341913,0.453028,-0.143896
7.02,0.97764,0.664602,-1.79177,-0.492934
7.03,0.79448,0.8567,-2.84643,-0.398142
7.04,0.743303,0.290713,-1.52246,-1.70096
7.05,0.684149,-0.204981,-1.4551,-1.90003
7.06,0.57489,-1.1155,-0.717319,-2.30724
7.07,0.19922,-1.11126,-0.982972,-2.00677
7.08,-0.0257097,-1.21157,-1.7395,-1.61821
7.09,-0.166976,-0.464124,-1.53351,-1.50045
7.1,-0.0169757,-0.23639,-1.58632,-1.14338
7.11,-0.795586,-0.502296,-1.6538,-1.09107
7.12,-1.1746,-0.885701,-1.31004,-1.09775
7.13,-1.15511,-1.16165,-0.745541,-1.39862
7.14,-0.91467,-1.49426,-0.293698,-1.68363
7.15,-0.638249,-1.26571,-0.326541,-1.87097
7.16,-0.164615,-1.16797,-0.925205,-1.55145
7.17,-0.178296,-0.717663,-1.27438,-0.787867
7.18,-0.819519,-0.273335,-1.19237,0.0170915
7.19,-1.47923,-0.523895,-0.520464,0.431972
7.2,-1.43743,-0.895996,-0.286307,0.274469
7.21,-0.731126,-0.297408,-0.234208,0.0838214
7.22,-0.218615,-0.032232,0.31014,0.0638181
7.23,-0.200215,-0.286962,0.32669,0.552234
7.24,-0.454191,-0.304543,-0.135022,0.927698
7.25,-0.756304,-0.367168,-0.0366728,0.966979
7.26,-0.734755,0.088413,0.082228,1.22094
7.27,-0.787235,0.372952,0.292991,1.3708
7.28,-0.911066,0.394835,0.809183,1.5609
7.29,-0.837467,0.173225,0.80627,1.66665
7.3,-0.475786,0.0684688,0.95592,1.41624
7.31,-0.115428,0.00330515,1.35052,0.984502
7.32,0.340717,-0.265177,1.6757,1.28512
7.33,0.818603,-0.0708084,2.10956,2.03269
7.34,0.940149,0.601101,2.11821,2.1349
7.35,0.746344,1.07455,1.6274,2.2824
7.36,0.459469,1.72498,1.17464,2.17903
7.37,0.391823,2.09634,1.76805,1.699
7.38,0.459269,2.2037,1.90732,0.858358
7.39,0.519543,2.20946,1.57601,0.389077
7.4,0.906682,1.84409,1.10532,0.0211672
7.41,1.36742,1.58368,0.913148,-0.504376
7.42,2.02083,1.54032,0.666093,-1.14606
7.43,2.4827,1.42873,0.142635,-1.06377
7.44,2.38033,1.30317,-0.869463,-0.92696
7.45,1.62442,0.859449,-0.719428,-0.86062
7.46,1.04712,-0.520247,-0.673651,-0.55586
7.47,0.634329,-1.79226,-0.536222,-1.52511
7.48,0.180886,-1.73727,-0.322164,-2.12692
7.49,-0.790109,-1.70879,-1.10271,-1.69311
7.5,-1.60237,-1.06007,-1.94174,-1.26636
7.51,-1.29481,-0.609429,-2.45189,-1.24061
7.52,-1.32758,-1.10381,-2.43389,-1.39419
7.53,-1.34207,-1.67722,-2.39458,-1.38185
7.54,-1.41489,-2.25376,-2.22609,-1.64567
7.55,-1.21496,-2.26396,-1.81321,-1.69992
7.56,-0.954543,-2.29742,-1.6238,-1.49789
7.57,-0.184334,-2.16574,-1.53987,-1.43892
7.58,0.132646,-1.53678,-1.81563,-1.1955
7.59,-0.00222107,-0.986225,-2.02444,-0.810105
7.6,-0.472928,-0.616847,-1.65148,-0.347296
7.61,-1.17324,-0.477165,-0.961557,0.897434
7.62,-1.38796,-0.0379438,-0.0833121,1.61504
7.63,-0.940875,0.40828,1.43809,1.27985
7.64,-0.258241,0.808102,3.15466,1.16293
7.65,0.0796434,0.946383,3.4628,1.10663
7.66,-0.258636,1.24785,2.32133,1.93917
7.67,-0.42493,2.14675,1.39975,2.30403
7.68,-0.890473,2.45781,1.47532,2.44858
7.69,-0.45087,2.37882,1.84181,2.45079
7.7,0.1333,1.8857,2.21861,2.07067
7.71,0.555882,1.22242,2.4877,1.16615
7.72,0.668445,0.940014,2.29323,0.136652
7.73,1.29393,0.47105,1.8946,-0.153643
7.74,2.20435,0.554495,1.07712,-0.17685
7.75,2.23989,0.432233,-0.2109,-0.362936
7.76,1.77208,0.432732,-1.0739,-0.180063
7.77,0.921158,-0.195579,-1.67592,0.476794
7.78,0.125076,-1.0075,-1.59928,0.514546
7.79,-0.463015,-1.52862,-0.682889,-0.0885887
7.8,-0.592477,-1.44703,0.0603752,-0.916032
7.81,-0.609916,-1.01184,-0.0904426,-1.37347
7.82,-0.394009,-0.59915,-1.00296,-1.44241
7.83,-0.283392,-0.181007,-1.77618,-1.02803
7.84,-0.325841,0.218033,-2.13093,-1.04801
7.85,-0.226167,0.20443,-1.83263,-1.09538
7.86,0.121951,-0.378574,-0.845279,-1.3972
7.87,0.349279,-0.994984,0.0481878,-1.63361
7.88,0.324152,-0.993036,0.0439638,-1.69902
7.89,0.38945,-0.601749,-0.530109,-1.32006
7.9,0.696343,-0.0492782,-1.03309,-1.00345
7.91,0.564528,0.09484,-1.12879,-1.15926
7.92,-0.186614,0.0426579,-1.29208,-1.46006
7.93,-0.847515,-0.233738,-1.29218,-1.8234
7.94,-1.1364,-0.531476,-0.964711,-2.43936
7.95,-1.47842,-0.655616,-0.705569,-3.04079
7.96,-1.70643,-0.74979,-0.785097,-2.4835
7.97,-1.47325,-0.474458,-1.29637,-1.41398
7.98,-1.10679,-0.558943,-2.03254,-0.687326
7.99,-1.23768,-0.97659,-2.49791,0.550959
8.0,-1.222,-1.49678,-2.62095,2.32753
8.01,-1.14112,-2.08205,-2.07138,2.96834
8.02,-0.784293,-2.26967,-1.37301,1.98926
8.03,-0.9661,-1.97017,0.994674,0.525344
8.04,-0.649021,-1.12227,2.30425,0.958721
8.05,-0.031033,-0.694079,2.88546,1.33552
8.06,0.404456,-1.04153,2.33482,1.19851
8.07,1.05123,1.11393,0.878099,1.62506
8.08,1.20032,0.559244,0.60632,2.41896
8.09,1.13398,1.81157,1.87526,2.63766
8.1,0.820358,1.61941,2.18006,2.65338
8.11,-0.42313,2.00264,2.23798,2.43426
8.12,-0.598429,2.7552,2.36325,2.33321
8.13,-0.118133,2.81088,2.64363,1.41311
8.14,0.743283,2.82736,2.87119,-0.235695
8.15,1.72631,3.02842,2.38381,-0.991305
8.16,2.02203,2.51303,1.15306,-0.902757
8.17,1.61347,2.35545,-0.417818,-1.62758
8.18,1.39551,1.69483,0.139854,-1.83824
8.19,1.13334,0.151078,1.1065,-1.59862
8.2,1.02693,-1.40901,0.12216,-1.60461
8.21,0.547046,-1.39051,-0.530769,-1.27349
8.22,-0.0244071,-1.42518,-1.77394,-0.857665
8.23,-0.59017,-1.54247,-2.32158,-0.411046
8.24,-0.899396,-2.10884,-2.53274,0.272643
8.25,-0.36783,-2.19532,-2.12535,0.0809444
8.26,-0.789823,-1.69736,-1.97853,-1.18269
8.27,-1.23638,-1.53144,-2.20715,-0.778944
8.28,-2.09538,-1.31154,-1.99813,0.12031
8.29,-2.09725,-1.28444,-1.87119,0.101347
8.3,-0.921258,-1.34423,-1.43232,0.137917
8.31,0.41201,-0.769762,0.206305,0.359475
8.32,0.101215,-0.577113,0.877298,0.42311
8.33,-0.788042,-0.723287,0.876616,0.883731
8.34,-0.170165,0.618242,0.571873,0.712785
8.35,0.712918,1.66491,0.767591,0.602755
8.36,1.30549,1.53962,0.839538,0.234268
8.37,0.590042,1.54697,1.40624,0.491847
8.38,-0.0269528,1.42029,2.13614,1.03924
8.39,-0.273081,1.0743,2.44457,1.28792
8.4,-0.160124,1.23431,2.58611,1.39098
8.41,-0.0148309,1.71407,2.34945,1.10787
8.42,0.0103769,1.66448,1.98002,0.858959
8.43,-0.123761,1.56196,1.31821,0.940505
8.44,-0.0914664,1.29683,0.444732,0.935366
8.45,0.136116,0.929092,-0.18486,0.817169
8.46,0.373556,0.250492,-0.0966303,0.381702
8.47,0.797695,-0.580706,0.0933567,-0.0192665
8.48,1.3573,-0.978843,-0.210366,-0.06234
8.49,1.66503,-0.688251,-0.74064,-0.288908
8.5,1.46246,-0.738999,-1.09293,-0.756097
8.51,0.980961,-1.226,-1.38779,-1.35312
8.52,0.313959,-1.41495,-1.5864,-1.05351
8.53,-0.122376,-1.41563,-1.53142,-0.580869
8.54,-0.570882,-1.08861,-1.37267,-0.0993881
8.55,-0.59319,-0.603793,-1.13304,0.240161
8.56,-0.290065,0.0811551,-0.363605,0.322407
8.57,-0.045546,0.526927,0.53519,0.0636279
8.58,-0.132754,0.86473,0.959154,-0.454183
8.59,-0.0529989,1.27233,1.09088,-0.753012
8.6,0.116031,1.74942,1.22886,-0.615729
8.61,0.159789,1.74604,0.899443,-0.718112
8.62,0.153918,1.22432,0.552448,-0.532356
8.63,0.203793,0.447243,0.171138,-0.46026
8.64,0.137049,-0.0455754,-0.146772,-0.0400935
8.65,0.205209,-0.1102,-0.118585,0.517532
8.66,0.522964,-0.420346,7.97387e-05,1.01914
8.67,0.602811,-0.733962,0.066981,1.06441
8.68,0.364464,-0.802972,0.267588,0.209135
8.69,-0.298805,-0.501111,0.462724,-0.562126
8.7,-1.20277,-0.348545,0.608353,0.235514
8.71,-1.80233,-0.348423,-0.19761,1.01401
8.72,-1.80251,-0.18572,-1.39575,1.34074
8.73,-1.32406,-0.240076,-1.46594,1.26109
8.74,-0.50337,-0.960691,-0.557345,0.982673
8.75,0.339195,-1.62853,0.225572,0.667064
8.76,0.603307,-1.06882,0.510812,0.522629
8.77,0.535178,0.0960884,0.342307,-0.107582
8.78,0.615453,0.691343,0.228465,-0.419908
8.79,0.853648,0.778415,0.408184,-0.730193
8.8,0.987203,0.81057,0.722722,-0.278374
8.81,0.755647,0.797857,0.540985,0.436171
8.82,0.531279,0.641168,0.29568,1.0985
8.83,0.637058,0.632546,0.742035,1.23981
8.84,0.982794,1.10577,1.10452,0.956847
8.85,0.906061,1.69308,0.982952,0.493907
8.86,0.652856,1.71043,1.14818,-0.392156
8.87,0.280569,1.36771,1.24985,-1.80938
8.88,-0.0893226,1.23891,1.39744,-1.22132
8.89,-0.103869,1.41,0.346614,-1.04725
8.9,0.146568,1.36859,-2.1741,-1.62189
8.91,0.517063,0.932605,-2.16306,-1.15729
8.92,0.786247,-0.71117,0.135476,-0.169481
8.93,0.588696,-2.58754,0.23239,0.896546
8.94,0.704288,-3.22135,0.772338,0.531467
8.95,0.20499,-2.19093,0.00598921,0.393177
8.96,-1.10564,-1.53324,-0.562872,0.119777
8.97,-1.27316,-0.0110831,-0.660384,0.200902
8.98,-0.990942,0.871838,-0.766325,0.340063
8.99,-1.14802,-0.170942,-1.18689,0.897147
9.0,-1.54213,-0.3616,-1.10882,1.71439
9.01,-1.34262,-0.609005,-0.545232,1.77999
9.02,-0.18731,-0.575826,0.314431,1.24067
9.03,0.126379,-0.128579,0.750642,0.347013
9.04,1.20328,0.570715,1.08687,-0.241302
9.05,0.988226,0.963298,0.83891,-0.358013
9.06,0.630946,0.625791,0.728408,0.113786
9.07,0.222218,0.515271,1.0068,0.211317
9.08,0.163564,0.613531,1.06444,0.0799744
9.09,0.603516,0.776997,0.604076,0.545119
9.1,0.690568,0.80559,0.884948,0.726331
9.11,0.200222,0.967811,1.13744,-0.0801853
9.12,0.353108,1.58216,0.74042,-1.11161
9.13,0.72794,1.65714,-0.377295,-0.237654
9.14,0.422898,1.58587,-0.938022,-1.2501
9.15,0.0413688,0.883479,0.128132,-1.97569
9.16,0.388964,-0.104177,-0.00369007,-0.93603
9.17,0.242419,-0.939845,-0.688013,-0.120656
9.18,-0.118938,-2.17093,-0.764181,0.800941
9.19,-0.0272686,-2.23108,-0.649168,0.744714
9.2,0.245719,-1.10031,-0.49498,0.334779
9.21,0.455966,-1.38954,-0.249909,-0.358303
9.22,-0.625095,-0.969883,-0.762345,-0.794806
9.23,-0.76899,-0.387209,-1.3363,-1.12158
9.24,-0.209122,0.649187,-0.895601,-1.01155
9.25,0.0154017,1.12172,-0.470354,-0.937096
9.26,0.401205,0.638917,-0.34307,-0.934948
9.27,0.247388,-0.371225,-0.738285,-0.520658
9.28,0.0958813,-1.102,-1.36311,-0.29349
9.29,0.0642005,-1.34151,-0.912127,-0.215043
9.3,0.0514829,-0.907404,-0.406135,0.00566266
9.31,-0.180619,-0.451844,0.232709,-0.279493
9.32,-0.874095,0.527391,0.709141,-0.946712
9.33,-0.82605,1.05323,0.934461,-1.13958
9.34,-0.937777,0.711623,0.554771,-0.561361
9.35,-1.09992,0.264833,0.540159,0.363997
9.36,-0.895487,-0.117532,0.235136,1.22038
9.37,-0.509779,-0.250989,-0.0454659,1.95631
9.38,-0.23083,-0.295156,0.204248,2.01611
9.39,0.00921366,-0.545497,0.372904,1.28776
9.4,-0.180942,-0.635527,0.515998,1.01314
9.41,-0.253165,-0.468733,0.57263,0.49076
9.42,-0.303776,0.0195872,0.507886,-0.228015
9.43,-0.279063,0.729684,0.0955535,-0.537427
9.44,0.174616,1.03804,-0.533508,-0.733381
9.45,0.889172,0.865975,-0.858544,-0.540611
9.46,1.12823,0.434164,-0.507546,-0.139293
9.47,0.780589,-0.335053,-0.16856,-0.190321
9.48,0.603466,-0.971939,0.0682009,-0.100663
9.49,0.942961,-0.48444,0.246639,-0.0520321
9.5,0.839486,0.00618806,0.123629,-0.401148
9.51,0.0655502,0.0283166,-0.107225,-0.669861
9.52,-0.735857,-0.0788695,-0.28164,-0.562871
9.53,-0.927366,-0.413946,-0.386462,-0.187777
9.54,-0.909068,-0.321667,-0.275956,-0.0929233
9.55,-0.936742,-0.0589328,-0.194401,-0.266564
9.56,-0.663208,0.232224,-0.146657,-0.714244
9.57,-0.331623,0.363789,0.0122136,-1.01682
9.58,0.306875,0.310133,0.0686637,-0.902041
9.59,0.724838,0.0308723,0.0411257,-0.359015
9.6,0.877826,-0.179066,-0.125289,0.336804
9.61,0.852519,-0.527709,-0.361795,0.747891
9.62,0.719916,-0.471965,-0.484802,0.854202
9.63,0.439916,-0.154964,-0.405538,0.947438
9.64,0.0607867,0.201917,-0.0722169,0.929631
9.65,-0.309527,0.330575,0.511314,0.479096
9.66,-0.684607,0.601517,0.92264,-0.307706
9.67,-0.706253,0.781244,0.799458,-0.759124
9.68,-0.486106,0.70847,0.420073,-0.525624
9.69,-0.490033,0.312464,-0.0358309,-0.212991
9.7,-0.77801,-0.258069,-0.355776,-0.18002
9.71,-0.94947,-0.814125,-0.436529,-0.374617
9.72,-0.929148,-1.06119,-0.550471,-0.287463
9.73,-0.584231,-1.13368,-0.90179,-0.220998
9.74,-0.152969,-1.04608,-0.878491,-0.191447
9.75,0.172178,-0.960266,-0.587685,-0.192842
9.76,0.347616,-0.866917,-0.294033,-0.616877
9.77,0.346882,-0.730283,-0.0378679,-1.04676
9.78,0.22971,-0.704912,-0.148032,-1.25556
9.79,-0.0542726,-0.552768,-0.530192,-0.715253
9.8,-0.0972692,-0.311553,-0.982782,0.0913065
9.81,-0.192046,-0.174993,-1.23436,0.409572
9.82,-0.284751,0.112454,-1.37108,0.422527
9.83,-0.17226,0.403765,-1.09792,0.237757
9.84,-0.13677,0.760271,-0.337329,-0.161271
9.85,0.0560511,0.795929,0.29619,-0.568351
9.86,0.540282,0.630125,0.555923,-0.885311
9.87,0.784544,0.567058,0.890484,-0.911637
9.88,0.612813,0.51315,1.01547,-0.599467
9.89,0.357071,0.425248,1.0457,0.326436
9.9,0.0383211,0.345629,0.935104,1.45578
9.91,-0.345967,0.0647289,1.07957,2.11299
9.92,-0.617941,-0.0647341,1.07699,2.27317
9.93,-0.686793,-0.156688,1.62476,2.33615
9.94,-0.757091,-0.166075,1.85224,1.77001
9.95,-0.744563,0.0911808,1.65365,1.10811
9.96,-0.693502,0.873956,1.14311,0.574922
9.97,-0.470567,1.30476,0.461284,0.536975
9.98,-0.0216813,1.27533,-0.00450951,0.385235
9.99,0.662563,1.08301,-0.0773675,0.414234
10.0,1.08775,0.713574,-0.12672,0.505973
10.01,1.0427,0.0589375,-0.128463,0.768519
10.02,1.21247,-0.185924,-0.0082474,0.641778
10.03,1.52136,-0.317384,0.218933,0.0283098
10.04,1.65668,-0.287796,0.380856,-0.596211
10.05,1.51018,-0.249772,0.0822628,-1.03218
10.06,0.79032,-0.188205,-0.596456,-1.12217
10.07,-0.540341,-0.1791,-1.08581,-1.20449
10.08,-1.26073,-0.148574,-1.28151,-1.38153
10.09,-1.28681,-0.274999,-1.12377,-1.50576
10.1,-1.0686,-0.478711,-1.08574,-1.27702
10.11,-0.817714,-0.728739,-1.179,-0.816705
10.12,-0.479995,-0.860352,-0.970662,-0.652507
10.13,-0.272688,-0.737487,-0.711671,-0.577812
10.14,0.0147843,-0.783056,-0.624807,-0.447991
10.15,0.210101,-0.704262,-0.505276,-0.285432
10.16,0.292131,-0.460928,-0.236827,-0.112521
10.17,0.109663,-0.124163,0.0399292,-0.0592134
10.18,0.0574538,0.153089,0.321238,0.118815
10.19,0.318255,0.41697,0.314784,0.17173
10.2,0.537015,0.758142,0.280095,0.431451
10.21,0.601015,1.06003,0.339834,0.704977
10.22,0.7513,1.06577,0.359997,0.783321
10.23,0.523967,0.821135,0.626807,0.920798
10.24,0.200271,0.488006,1.0026,0.853909
10.25,-0.156085,0.282257,1.40165,0.523647
10.26,-0.569842,0.135649,1.61083,0.0284112
10.27,-1.01537,0.224554,1.22665,-0.111204
10.28,-1.04302,0.656598,0.181653,0.0225471
10.29,-0.691951,0.845318,-0.502155,0.187929
10.3,-0.266789,0.408611,-0.360844,0.275209
10.31,-0.000210193,-0.67406,0.0358176,-0.0596941
10.32,0.19151,-1.58076,0.0988132,-0.122893
10.33,0.249027,-1.91229,0.153349,-0.146942
10.34,0.185553,-1.64228,-0.424685,-0.0362596
10.35,0.111525,-1.25664,-1.04576,-0.0353418
10.36,0.0712919,-0.883009,-1.48698,0.333386
10.37,-0.224851,-0.240656,-1.42443,0.415589
10.38,-0.599922,0.501561,-1.09947,-0.0175969
10.39,-0.576743,0.82796,-0.633988,-0.315346
10.4,-0.385398,0.743961,-0.0595444,-0.406117
10.41,0.216626,0.806119,0.326582,-0.661726
10.42,0.83426,0.892847,0.35984,-0.672346
10.43,0.954126,0.738874,0.377389,-0.21084
10.44,0.878255,0.531702,0.567349,0.459463
10.45,0.571563,0.270725,0.798736,0.779926
10.46,0.40686,0.0594153,0.973871,0.528362
10.47,0.136904,0.261403,1.1026,0.117012
10.48,-0.0692795,0.65724,1.04766,-0.26325
10.49,-0.32032,0.896019,0.778553,-0.262524
10.5,-0.337524,0.745718,0.32992,-0.0581512
10.51,-0.175451,0.182787,0.0220036,0.352241
10.52,-0.0839554,-0.376612,0.215658,0.596955
10.53,-0.027451,-0.761794,0.556212,0.797927
10.54,-0.230146,-0.834462,0.597502,0.961807
10.55,-0.47375,-0.595423,0.124725,1.26393
10.56,-0.559985,-0.212464,-0.476897,1.59676
10.57,-0.226614,0.200773,-0.765366,1.29176
10.58,0.303799,0.251602,-0.435616,0.694794
10.59,0.838651,0.240162,0.331013,0.134664
10.6,1.26693,0.137363,0.730388,-0.256224
10.61,1.30418,0.145052,0.769108,-0.564335
10.62,1.20082,0.46708,0.606521,-1.09409
10.63,0.850463,0.747078,0.186809,-1.13289
10.64,0.401133,0.947548,-0.679007,-0.679989
10.65,-0.11603,0.814793,-1.22449,-0.198693
10.66,-0.46016,0.358973,-0.798879,-0.226564
10.67,-0.485215,-0.196421,-0.318797,-0.503168
10.68,-0.386456,-0.471001,0.0577599,-0.919974
10.69,-0.266615,-0.2012,0.344134,-1.14894
10.7,-0.36406,-0.191011,0.29702,-1.07265
10.71,-0.540137,-0.230251,-0.160645,-0.780057
10.72,-0.551665,-0.370768,-0.70103,-0.433103
10.73,-0.493949,-0.656019,-0.821173,-0.00863428
10.74,-0.550607,-0.699668,-0.592588,0.297853
10.75,-0.402995,-0.668252,-0.212749,0.34888
10.76,-0.0546992,-0.665024,-0.0643516,0.243807
10.77,0.504029,-0.580408,-0.360737,-0.118453
10.78,0.805673,-0.444208,-0.885456,-0.49846
10.79,0.69702,-0.155697,-1.16859,-0.710964
10.8,0.509275,-0.0480131,-1.07642,-0.963883
10.81,0.192739,-0.111523,-0.662032,-1.08328
10.82,-0.14808,-0.161362,-0.413489,-1.27943
10.83,-0.174165,-0.291213,-0.543654,-1.15271
10.84,-0.45577,-0.489008,-0.545822,-0.644262
10.85,-0.846646,-0.586556,-0.398406,-0.0725317
10.86,-1.14942,-0.672004,-0.400855,0.218017
10.87,-1.13612,-0.722578,-0.395271,0.314282
10.88,-0.986896,-0.612967,-0.289749,0.377331
10.89,-0.870074,-0.545617,0.0975356,0.288523
10.9,-0.817618,-0.593399,0.551919,0.13341
10.91,-0.86383,-0.565441,0.66675,0.0777746
10.92,-0.720361,-0.264931,0.737523,0.310839
10.93,-0.426826,0.186494,0.601454,0.962571
10.94,-0.139521,0.576634,0.515294,1.21196
10.95,0.24991,0.948838,0.554701,0.96661
10.96,0.68526,1.11885,0.525893,0.617259
10.97,1.04119,1.05752,0.491881,0.434619
10.98,1.26745,1.13142,0.49016,0.366949
10.99,0.853796,1.09713,0.325033,0.399682
11.0,0.623865,0.82185,0.26401,0.529498
11.01,0.478027,0.509415,0.52756,0.459099
11.02,0.50351,0.335035,0.893314,0.303851
11.03,0.394752,0.161729,0.993851,0.136094
11.04,0.153163,0.0521314,0.78155,-0.163764
11.05,-0.396234,0.120041,0.246673,-0.658557
11.06,-0.813962,0.0892882,-0.218508,-1.10836
11.07,-0.755459,-0.168425,-0.672084,-1.25923
11.08,-0.716804,-0.730688,-1.02183,-1.08823
11.09,-0.596883,-1.51742,-1.17427,-0.31106
11.1,-0.35201,-1.88911,-1.38033,-0.0077118
11.11,0.0505073,-1.77945,-1.14904,-0.270886
11.12,0.236773,-1.33507,-0.865784,-0.418441
11.13,0.234172,-1.08232,-0.595322,-0.398543
11.14,0.0286769,-0.97337,-0.903926,-0.00948627
11.15,-0.191343,-0.420056,-1.2696,0.0559145
11.16,-0.428418,0.417303,-1.10041,0.0805828
11.17,-0.316527,0.714669,-0.467178,-0.0861653
11.18,0.0345625,0.932365,0.0427057,-0.378554
11.19,0.594787,0.985736,0.653071,-0.447065
11.2,0.961503,0.869548,0.86674,-0.231542
11.21,0.362084,0.771257,0.579046,-0.0462713
11.22,0.256617,1.02266,0.340991,-0.219109
11.23,0.442077,1.17747,0.335367,-0.482124
11.24,0.00946592,0.637518,0.453428,-0.248146
11.25,-0.53788,0.135854,0.683176,0.187511
11.26,-0.982357,-0.388323,0.875522,0.35929
11.27,-1.18443,-0.726052,0.949269,0.0789885
11.28,-0.893385,-0.971403,0.831505,0.0355621
11.29,-0.389771,-0.786442,0.167187,0.466783
11.3,-0.147157,-0.58014,-0.146185,0.917276
11.31,-0.53526,-0.410047,-0.240856,1.07059
11.32,-0.687547,-0.515173,-0.503019,1.15267
11.33,-0.41551,-0.691778,-0.635242,1.14604
11.34,0.0865152,-0.610562,-0.175676,1.09365
11.35,0.575601,-0.242326,-0.0842741,0.771817
11.36,0.922671,0.088803,-0.260578,0.712717
11.37,1.0216,0.496879,-0.148941,0.690738
11.38,1.03741,0.821621,0.231972,0.331594
11.39,1.09566,1.13769,0.784131,0.201765
11.4,0.962353,1.42864,1.15644,-0.0155558
11.41,0.643018,1.42238,1.17047,-0.0996976
11.42,0.349263,1.29329,1.28462,-0.000626813
11.43,0.277272,1.17655,1.3912,0.101495
11.44,0.300363,0.868702,1.31512,0.155378
11.45,0.0637412,0.663343,0.851014,0.0283885
11.46,-0.128587,0.697822,0.249342,-0.159923
11.47,-0.407381,0.704139,0.0961822,-0.379249
11.48,-0.544316,0.517528,0.162821,-0.589768
11.49,-0.443176,0.0315688,-0.119973,-0.714741
11.5,-0.203827,-0.55798,-0.635926,-0.774702
11.51,0.152058,-1.12239,-0.972128,-0.335823
11.52,0.492873,-1.44526,-0.95697,0.122298
11.53,0.4656,-1.28657,-0.846227,0.361548
11.54,0.355615,-1.07667,-0.693398,0.544213
11.55,0.143895,-1.20828,-0.705329,0.581121
11.56,-0.0361306,-0.932651,-0.993078,0.277762
11.57,-0.0297562,-0.357381,-1.05624,0.00210109
11.58,0.00825418,0.163057,-0.841191,0.0521093
11.59,-0.0927154,0.322593,-0.414063,0.247039
11.6,-0.0588545,0.242861,0.0698842,0.059259
11.61,0.0922501,0.190747,0.670215,-0.376744
11.62,0.236021,0.385353,1.01494,-0.711385
11.63,0.372733,0.78191,0.99962,-0.750648
11.64,0.288828,1.02321,0.799149,-0.379665
11.65,0.0197742,0.853296,0.274167,-0.4732
11.66,-0.312232,0.571705,-0.0456229,-0.645529
11.67,-0.477348,0.412988,0.014767,-0.699811
11.68,-0.309773,0.237541,0.271791,-0.669571
11.69,0.0525453,-0.122516,0.245651,-0.413882
11.7,0.302596,-0.467865,-0.0118592,-0.1709
11.71,0.272881,-0.556039,-0.387987,-0.0949662
11.72,0.0558257,-0.62694,-0.552315,0.0958688
11.73,-0.302937,-0.599084,-0.571083,0.355103
11.74,-0.654287,-0.490851,-0.767614,0.552476
11.75,-0.825786,-0.38974,-0.793658,0.7281
11.76,-0.659267,-0.38166,-0.603703,0.866605
11.77,-0.139763,-0.429913,-0.311166,0.807829
11.78,0.392605,-0.272695,0.0689613,0.664033
11.79,0.532655,-0.150986,0.484146,0.686932
11.8,0.317919,-0.0366042,0.699962,0.832632
11.81,0.102509,0.290956,0.810601,0.889928
11.82,0.105855,0.706118,1.04266,0.970522
11.83,0.205515,0.931949,1.34333,0.832154
11.84,0.188571,0.879019,1.54411,1.03394
11.85,0.112577,0.80791,1.61446,0.972501
11.86,0.00407175,0.910735,1.42247,0.919208
11.87,0.00590956,1.02916,1.32885,0.489808
11.88,0.319121,1.20998,1.10005,-0.12039
11.89,0.537274,1.35829,0.686841,-0.869185
11.9,0.598954,1.33739,0.187299,-1.04477
11.91,0.323481,0.979876,-0.653397,-1.2281
11.92,0.318507,0.352575,-1.16497,-1.00869
11.93,0.417272,-0.444515,-0.885457,-0.728194
11.94,0.835665,-1.42136,-0.936045,-0.386262
11.95,0.750488,-1.83561,-1.13911,-0.307296
11.96,0.360998,-1.51857,-1.16209,-0.486422
11.97,0.429596,-1.22991,-1.3526,-0.725674
11.98,-0.598867,-0.914809,-1.45634,-1.04124
11.99,-0.58565,-0.674978,-1.38341,-1.32078
12.0,-0.722542,-0.69768,-1.41765,-1.52796
12.01,-0.756201,-0.796858,-1.36807,-1.4488
12.02,-0.787665,-0.740697,-1.32458,-1.14994
12.03,-0.637796,-0.701853,-1.24668,-0.688727
12.04,-0.354434,-0.696367,-1.00976,-0.219693
12.05,-0.321499,-0.58748,-0.709373,0.106643
12.06,-0.222631,-0.581925,-0.186645,0.111023
12.07,-0.308919,-0.51694,0.690023,0.102633
12.08,-0.493788,-0.250126,1.43356,-0.0304787
12.09,-0.365717,0.233876,1.36554,0.0373773
12.1,-0.213878,0.994827,1.12835,0.195662
12.11,-0.0599687,1.43298,0.893035,0.684076
12.12,0.0159957,1.17487,0.424026,1.32307
12.13,0.00255691,0.842058,0.494607,1.54889
12.14,0.263931,0.479022,0.982279,1.40311
12.15,-0.057252,0.21744,1.27014,0.776015
12.16,-0.180101,0.408003,1.16124,0.471334
12.17,0.160251,0.694171,0.748982,0.613729
12.18,0.361274,0.809258,0.0564741,0.841351
12.19,0.19647,0.468042,-0.292033,0.943328
12.2,-0.103652,-0.268119,-0.0556484,1.00877
12.21,-0.274983,-0.649375,0.407279,0.79532
12.22,-0.223704,-0.670035,0.660949,0.563659
12.23,-0.0508434,-0.245562,0.63933,0.216251
12.24,0.141213,-0.0476642,0.495495,-0.0727593
12.25,0.37935,0.112953,0.362283,-0.117987
12.26,0.464869,0.193387,0.11708,0.111958
12.27,0.117711,0.00790576,-0.264387,0.299732
12.28,-0.0999428,-0.0978994,-0.38438,0.385082
12.29,0.0881314,0.162198,-0.20856,0.14925
12.3,0.48069,0.566334,0.000665286,-0.297949
12.31,0.823931,0.800663,-0.0567035,-0.711506
12.32,1.01816,0.858313,-0.225323,-0.844038
12.33,0.947851,0.786628,-0.30385,-0.970008
12.34,0.756732,0.578535,-0.119675,-1.37908
12.35,0.536082,0.31182,-0.0963284,-1.43706
12.36,0.411593,0.0997978,-0.2275,-0.875819
12.37,0.201055,-0.156054,-0.781985,-0.466421
12.38,0.0148227,-0.549376,-1.03143,-0.116724
12.39,-0.202333,-0.963429,-0.645728,-0.0545282
12.4,-0.424252,-1.10789,-0.264818,-0.21949
12.41,-0.650169,-0.90739,-0.0959255,-0.797396
12.42,-0.754222,-0.518536,-0.196492,-0.891882
12.43,-0.799316,-0.357713,-0.595998,-0.981431
12.44,-0.781666,-0.334714,-0.854799,-1.00857
12.45,-0.675219,-0.488716,-1.08331,-0.649069
12.46,-0.660758,-0.946071,-1.1208,-0.0268677
12.47,-0.809905,-1.36881,-0.906311,0.768716
12.48,-0.745844,-1.43043,-0.578723,1.01237
12.49,-0.278966,-1.13093,-0.145708,0.843524
12.5,0.201181,-0.551859,0.283198,0.368323
12.51,0.562985,0.197238,0.319397,0.043403
12.52,0.19006,0.861342,0.00740435,0.0304319
12.53,-0.375312,0.903387,0.17308,-0.234152
12.54,-0.698575,0.732407,0.644518,-1.15442
12.55,-0.508235,0.784004,0.84451,-1.32328
12.56,0.23995,0.943533,0.306209,0.130527
12.57,0.732152,0.857517,-0.557308,0.987006
12.58,0.496103,0.419172,-0.550919,0.520185
12.59,0.229434,-0.286185,0.553774,-0.118803
12.6,-0.0677927,-0.742301,1.46624,0.284496
12.61,-0.24732,-0.664728,1.08447,0.234806
12.62,-0.565044,-0.124821,0.366618,0.0976026
12.63,-0.633755,0.355307,-0.144221,-0.00591836
12.64,-0.530215,0.158526,-0.366902,0.199482
12.65,-0.258227,0.333351,-0.190996,0.280133
12.66,0.136521,0.0303465,-0.154928,0.616797
12.67,-0.101383,-0.661864,-0.0381262,0.603215
12.68,-0.24177,-0.725177,-0.0929714,0.78658
12.69,0.414496,-0.429833,-0.0335949,0.283273
12.7,1.02944,0.0897698,0.183266,0.0280075
12.71,0.962765,0.300956,-0.0750601,-0.236764
12.72,0.26037,0.122129,-0.231161,0.122002
12.73,-0.315199,-0.102662,-0.271124,0.450017
12.74,-0.279701,0.0900533,0.165696,0.492234
12.75,-0.0240971,0.680133,0.441145,0.0857342
12.76,0.335317,1.06989,0.622695,-0.306261
12.77,0.337506,0.756247,0.573637,-0.478742
12.78,-0.00969437,0.237444,0.479956,-0.435907
12.79,-0.418367,0.0577638,0.19215,-0.406669
12.8,-0.432065,-0.152458,-0.178334,-0.218077
12.81,-0.0999473,-0.327877,-0.119787,0.0483951
12.82,-0.129476,-0.409029,-0.112988,-0.0419539
12.83,-0.193678,-0.45909,-0.466983,-0.263371
12.84,-0.1359,-0.224166,-0.758296,-0.272097
12.85,0.0339511,0.0272658,-0.618152,-0.453538
12.86,0.000816134,-0.0576737,-0.301032,-0.658627
12.87,0.061823,-0.356991,-0.302985,-0.62495
12.88,0.234537,-0.394658,-0.415641,-0.207082
12.89,0.377736,-0.328965,-0.418647,0.240747
12.9,0.403984,-0.424984,-0.221761,0.587684
12.91,0.286061,-0.569902,0.0146546,0.572152
12.92,0.0374344,-0.521843,-0.0420956,0.489594
12.93,-0.203168,-0.154672,-0.27676,0.460787
12.94,-0.340625,0.469838,-0.335465,0.208645
12.95,-0.182859,0.954822,0.0438234,-0.218878
12.96,-0.0860722,0.931374,0.540076,-0.777277
12.97,0.00708983,0.55688,0.914773,-0.970598
12.98,0.0698029,0.226691,0.845761,-0.551739
12.99,0.00799395,-0.0347483,0.49514,0.129371
13.0,-0.0298621,-0.25742,0.294859,0.59427
13.01,-0.0269365,-0.387043,0.226159,0.707521
13.02,-0.0583704,-0.243575,0.215035,0.621465
13.03,-0.177468,0.111218,0.0951261,0.418481
13.04,-0.280935,0.416533,-0.016407,0.0647656
13.05,-0.202314,0.435661,0.0056435,-0.286185
13.06,0.0130948,0.189106,-0.0530455,-0.523043
13.07,0.214825,-0.110973,-0.261601,-0.368761
13.08,0.249741,-0.226003,-0.37472,0.192232
13.09,0.153827,-0.175487,-0.353203,0.5076
13.1,0.0577882,-0.130894,-0.32499,0.522459
13.11,0.0680736,-0.157557,-0.270609,0.478013
13.12,0.042625,-0.253658,-0.133282,0.448106
13.13,-0.0483777,-0.283257,-0.0145715,0.276854
13.14,-0.115721,-0.143083,0.116602,-0.0232391
13.15,-0.0694758,0.0655816,0.274253,-0.320593
13.16,0.00458721,0.168115,0.341642,-0.449177
13.17,-0.00439502,0.142947,0.416549,-0.394786
13.18,-0.0952919,0.0774511,0.406109,-0.188603
13.19,-0.189261,-0.0293254,0.170567,0.0491265
13.2,-0.249872,-0.0556808,-0.101629,0.0824954
13.21,-0.212215,0.078235,-0.248039,-0.0630541
13.22,-0.0762797,0.248492,-0.277352,-0.262634
13.23,0.0566418,0.263722,-0.271859,-0.405664
13.24,0.259493,0.0576325,-0.305535,-0.436146
13.25,0.438935,-0.221296,-0.336089,-0.35683
13.26,0.513887,-0.325084,-0.248453,-0.244117
13.27,0.520011,-0.213069,-0.123835,-0.136632
13.28,0.354775,0.000286303,-0.0752966,-0.0277573
13.29,0.0725275,0.178695,-0.106588,0.124362
13.3,-0.14365,0.195366,-0.11778,0.236762
13.31,-0.166252,0.0606959,-0.0439959,0.230009
13.32,-0.058933,-0.14823,0.0865537,0.170743
13.33,-0.0323187,-0.309008,0.124584,0.126223
13.34,-0.12442,-0.307923,0.0578646,0.0816902
13.35,-0.315504,-0.102048,0.0047976,-0.0277345
13.36,-0.412846,0.188895,0.0589906,-0.16549
13.37,-0.461583,0.350799,0.164028,-0.218521
13.38,-0.375827,0.298154,0.257248,-0.110365
13.39,-0.24492,0.127767,0.343267,0.125398
13.4,-0.0833561,-0.0306221,0.406648,0.368318
13.41,0.0856793,-0.151544,0.360043,0.513579
13.42,0.21846,-0.212663,0.186636,0.506594
13.43,0.281138,-0.18283,-0.0017916,0.380113
13.44,0.268193,-0.0771778,-0.103894,0.212104
13.45,0.167166,0.0764814,-0.122104,0.0352046
13.46,0.0498132,0.212454,-0.101682,-0.129494
13.47,-0.0635135,0.281888,-0.0700773,-0.227557
13.48,-0.149789,0.279185,-0.0696105,-0.198272
13.49,-0.144368,0.197324,-0.127643,-0.086807
13.5,-0.0156321,0.0429237,-0.192237,0.0327179
13.51,0.149384,-0.153059,-0.178024,0.107464
13.52,0.253496,-0.28288,-0.0697099,0.115676
13.53,0.232885,-0.307755,0.0854938,0.0527709
13.54,0.102911,-0.219089,0.192383,-0.0764784
13.55,-0.0504835,-0.059362,0.172944,-0.243174
13.56,-0.104794,0.0976029,0.0420797,-0.397113
13.57,-0.0739749,0.177606,-0.0960948,-0.445148
13.58,-0.0200653,0.141992,-0.152424,-0.340231
13.59,0.00549984,0.0286234,-0.164107,-0.161855
13.6,0.0214999,-0.0792252,-0.190939,-0.026532
13.61,0.0352583,-0.11973,-0.211547,0.0153579
13.62,0.0380198,-0.0767572,-0.193548,-0.00490168
13.63,0.0270799,0.0012453,-0.151274,-0.0406901
13.64,0.0228151,0.0531171,-0.11699,-0.0499622
13.65,0.0296086,0.0634254,-0.0764621,-0.023046
13.66,0.0612535,0.0696412,0.0153368,0.0344052
13.67,0.0922496,0.0751031,0.153376,0.0988289
13.68,0.0896507,0.0382661,0.253788,0.130097
13.69,0.0401837,-0.0607855,0.24596,0.122963
13.7,-0.0376994,-0.1785,0.148911,0.103149
13.71,-0.107069,-0.226786,0.0576501,0.107459
13.72,-0.15961,-0.157071,0.03518,0.155832
13.73,-0.208224,-0.0102825,0.0631392,0.194718
13.74,-0.249511,0.118553,0.0806331,0.179548
13.75,-0.272126,0.178168,0.0557442,0.0998521
13.76,-0.252153,0.175047,0.0126891,-0.00450265
13.77,-0.172446,0.139186,0.00176815,-0.0722122
13.78,-0.0573373,0.0923869,0.038247,-0.0740248
13.79,0.0778367,0.0339368,0.0997016,-0.0131763
13.8,0.204729,-0.0275111,0.150172,0.0931556
13.81,0.26781,-0.0787661,0.150088,0.202268
13.82,0.274355,-0.115625,0.0818654,0.2628
13.83,0.216578,-0.13194,-0.0377807,0.247506
13.84,0.126192,-0.111259,-0.162974,0.166597
13.85,0.0334496,-0.0339783,-0.239874,0.0319006
13.86,-0.0220705,0.0796339,-0.23459,-0.146329
13.87,-0.0451702,0.180645,-0.165199,-0.326382
13.88,-0.0469946,0.207328,-0.0797979,-0.449802
13.89,-0.0508753,0.143704,-0.0185216,-0.472017
13.9,-0.0552168,0.0209823,-0.00318224,-0.377102
13.91,-0.0552513,-0.103785,-0.0126681,-0.188566
13.92,-0.0446094,-0.189886,-0.028626,0.0292548
13.93,-0.0175647,-0.212743,-0.0201683,0.192881
13.94,0.00877935,-0.171971,0.0159201,0.243611
13.95,0.0480747,-0.0805255,0.0559046,0.172654
13.96,0.106692,0.0297018,0.0828929,0.0119416
13.97,0.170786,0.121804,0.0912487,-0.176811
13.98,0.200906,0.166683,0.0744639,-0.297761
13.99,0.170413,0.167365,0.0425235,-0.277223
14.0,0.0900854,0.139693,0.00100045,-0.125379
14.01,0.00496355,0.0845244,-0.0557622,0.0952853
14.02,-0.0586016,0.0104796,-0.118764,0.284429
14.03,-0.100845,-0.0635459,-0.161255,0.387557
14.04,-0.146654,-0.114873,-0.151957,0.389672
14.05,-0.170043,-0.123129,-0.0826193,0.302039
14.06,-0.178941,-0.083572,0.0490684,0.145102
14.07,-0.155851,-0.020027,0.186259,-0.043303
14.08,-0.118204,0.0192691,0.261764,-0.195372
14.09,-0.0927303,-0.0052979,0.240367,-0.244277
14.1,-0.0939427,-0.0880886,0.134369,-0.168074
14.11,-0.117654,-0.173384,0.00235669,-0.0137306
14.12,-0.137974,-0.198374,-0.0978923,0.132204
14.13,-0.136551,-0.14407,-0.148571,0.20195
14.14,-0.104425,-0.0330356,-0.144896,0.166237
14.15,-0.0364825,0.0861076,-0.0913149,0.0520801
14.16,0.062428,0.177276,-0.011811,-0.0862686
14.17,0.166908,0.227555,0.0547878,-0.183032
14.18,0.244454,0.239536,0.0846883,-0.199085
14.19,0.285032,0.214891,0.0769626,-0.124648
14.2,0.295148,0.156426,0.0514298,0.00120299
14.21,0.287746,0.0741612,0.0267969,0.120877
14.22,0.262159,-0.00470816,0.00800343,0.180239
14.23,0.210942,-0.0552939,-0.00958245,0.156622
14.24,0.127168,-0.0697458,-0.025957,0.0641457
14.25,0.0204595,-0.0577181,-0.0358459,-0.0589834
14.26,-0.0864036,-0.0362528,-0.0389359,-0.172247
14.27,-0.171113,-0.0217904,-0.0407746,-0.246612
14.28,-0.220929,-0.0259174,-0.0426117,-0.266968
14.29,-0.241454,-0.0490466,-0.0421146,-0.226909
14.3,-0.249354,-0.0814013,-0.0347272,-0.135395
14.31,-0.248214,-0.115212,-0.0218622,-0.0199932
14.32,-0.223074,-0.147708,-0.0136439,0.0847134
14.33,-0.157134,-0.17306,-0.0191335,0.151072
14.34,-0.0495047,-0.175138,-0.0366178,0.169354
14.35,0.0760088,-0.134668,-0.0560394,0.14708
14.36,0.181985,-0.0438365,-0.063178,0.0980036
14.37,0.235216,0.0818216,-0.0497158,0.0376317
14.38,0.220352,0.201241,-0.0217646,-0.0147445
14.39,0.153359,0.269473,0.00905566,-0.0385554
14.4,0.0650445,0.267462,0.0359979,-0.0248102
14.41,-0.00556306,0.205831,0.0582865,0.0177579
14.42,-0.0430771,0.112119,0.0806184,0.0711576
14.43,-0.0542162,0.0192585,0.109993,0.120764
14.44,-0.065424,-0.0481129,0.146198,0.155782
14.45,-0.0920406,-0.0811198,0.176597,0.164009
14.46,-0.126493,-0.0830076,0.182938,0.132975
14.47,-0.146408,-0.0649666,0.155124,0.0584302
14.48,-0.139504,-0.0447063,0.0970704,-0.0416287
14.49,-0.110992,-0.040841,0.0188026,-0.129091
14.5,-0.0707186,-0.0624761,-0.0687724,-0.173551
14.51,-0.0211934,-0.105372,-0.152881,-0.166521
14.52,0.0413881,-0.155113,-0.218613,-0.121407
14.53,0.114127,-0.188105,-0.255414,-0.0633788
14.54,0.177407,-0.180094,-0.253397,-0.0123231
14.55,0.205494,-0.118101,-0.212381,0.0167627
14.56,0.186817,-0.00810933,-0.145677,0.0158693
14.57,0.133551,0.121842,-0.0657986,-0.0126195
14.58,0.0743804,0.235342,0.00963175,-0.0517689
14.59,0.0357673,0.295174,0.0671278,-0.0791069
14.6,0.0280536,0.279095,0.101911,-0.0796773
14.61,0.0441394,0.195294,0.118212,-0.0555606
14.62,0.0655644,0.0820026,0.129726,-0.0227877
14.63,0.0678918,-0.0108955,0.145231,0.00482773
14.64,0.0322512,-0.0480517,0.158544,0.0199852
14.65,-0.0417299,-0.0307202,0.156843,0.0195006
14.66,-0.131661,0.00817626,0.132149,0.00433873
14.67,-0.204286,0.029232,0.0881886,-0.0173008
14.68,-0.23404,0.0108495,0.0374333,-0.0272482
14.69,-0.21691,-0.041955,-0.00982252,-0.00673135
14.7,-0.16588,-0.106845,-0.0519207,0.0496076
14.71,-0.100934,-0.162142,-0.089872,0.126606
14.72,-0.0404559,-0.197914,-0.122992,0.19387
14.73,0.00532614,-0.209198,-0.144904,0.230238
14.74,0.0334085,-0.196354,-0.148485,0.213895
14.75,0.0456669,-0.156777,-0.133316,0.161774
14.76,0.049328,-0.0928017,-0.095821,0.0891933
14.77,0.0545078,-0.0130944,-0.0516159,0.0141966
14.78,0.0672303,0.0668714,-0.00943778,-0.0511963
14.79,0.0845629,0.129421,0.0257574,-0.102179
14.8,0.0961653,0.161065,0.0543383,-0.135937
14.81,0.0933673,0.160173,0.0778334,-0.148355
14.82,0.0742846,0.14065,0.103214,-0.139223
14.83,0.04114,0.11595,0.125971,-0.111304
14.84,-0.000167618,0.0999175,0.136397,-0.0733477
14.85,-0.0378479,0.0938094,0.126707,-0.0429825
14.86,-0.0575009,0.0923271,0.0952877,-0.0350144
14.87,-0.0494883,0.0849284,0.0475882,-0.0567824
14.88,-0.0153097,0.066318,-0.00734969,-0.0999028
14.89,0.0304818,0.0348951,-0.062387,-0.142645
14.9,0.0684053,-0.0050755,-0.111484,-0.157314
14.91,0.0877622,-0.0478726,-0.146299,-0.127656
14.92,0.0893684,-0.0903404,-0.161916,-0.0542313
14.93,0.0801357,-0.132203,-0.157011,0.0454676
14.94,0.0632803,-0.170505,-0.134795,0.146485
14.95,0.0368732,-0.194377,-0.0993747,0.222918
14.96,-0.00235172,-0.191317,-0.0540729,0.253951
14.97,-0.0527754,-0.154248,-0.00114793,0.229142
14.98,-0.105618,-0.0854355,0.0562912,0.153067
14.99,-0.145358,0.00020013,0.105828,0.0526646
15.0,-0.158822,0.0790519,0.133928,-0.0384099
