dts,Node_264,Node_449,Node_909
0.005,0.0249488,0.0176582,0.00134128
0.015,0.0249344,0.0176393,0.00134108
0.025,0.0249272,0.0176115,0.00134212
0.035,0.0249314,0.0175834,0.00134188
0.05,0.0249377,0.0175503,0.00134091
0.065,0.0249435,0.0175578,0.0013424
0.075,0.0249491,0.017598,0.00134241
0.085,0.0249582,0.0176444,0.00134222
0.095,0.0249725,0.0176814,0.00134166
0.105,0.0249892,0.017713,0.00134143
0.115,0.0250053,0.0177397,0.00134131
0.125,0.0250202,0.0177674,0.0013414
0.135,0.025035,0.0177991,0.00134079
0.145,0.0250487,0.0178324,0.00133949
0.155,0.025063,0.0178662,0.0013388
0.165,0.0250825,0.017897,0.00133796
0.175,0.0251027,0.0179257,0.00133712
0.185,0.0251188,0.0179523,0.00133634
0.195,0.0251272,0.0179689,0.00133523
0.205,0.0251302,0.0179746,0.00133464
0.215,0.0251317,0.0179773,0.00133395
0.225,0.0251323,0.0179786,0.00133251
0.235,0.025133,0.0179772,0.00133056
0.245,0.0251342,0.017977,0.00132869
0.255,0.0251362,0.0179807,0.00132715
0.265,0.0251382,0.0179868,0.00132553
0.275,0.02514,0.0179922,0.001324
0.285,0.0251444,0.017994,0.00132238
0.295,0.0251518,0.0179926,0.00132019
0.305,0.025159,0.0179854,0.00131804
0.315,0.0251636,0.017975,0.00131638
0.325,0.0251664,0.0179638,0.00131544
0.335,0.0251683,0.0179549,0.00131514
0.345,0.0251698,0.01795,0.00131489
0.355,0.0251704,0.0179504,0.00131488
0.365,0.0251669,0.017958,0.00131517
0.375,0.0251579,0.0179713,0.00131507
0.385,0.0251469,0.0179869,0.00131427
0.395,0.0251382,0.0180032,0.00131311
0.405,0.0251327,0.01802,0.00131197
0.415,0.0251264,0.0180364,0.00131071
0.425,0.0251146,0.0180519,0.00130911
0.435,0.025096,0.0180663,0.00130732
0.445,0.0250722,0.0180789,0.00130553
0.455,0.0250447,0.0180877,0.00130339
0.465,0.0250143,0.0180915,0.00129964
0.475,0.0249811,0.0180918,0.00129302
0.485,0.0249429,0.0180904,0.00128268
0.495,0.0249,0.0180862,0.00126799
0.505,0.024856,0.0180783,0.00124894
0.515,0.0248136,0.0180685,0.0012257
0.525,0.0247734,0.0180576,0.00119798
0.535,0.0247345,0.0180435,0.0011655
0.545,0.0246947,0.0180237,0.00112829
0.555,0.0246507,0.0179959,0.00108632
0.565,0.0246012,0.0179579,0.00103954
0.575,0.0245473,0.0179094,0.000988525
0.585,0.0244904,0.0178527,0.000934626
0.595,0.0244302,0.0177905,0.00087884
0.605,0.0243658,0.0177228,0.000821135
0.615,0.0242977,0.0176506,0.000760891
0.625,0.0242278,0.0175763,0.000697391
0.635,0.0241567,0.0175017,0.000630085
0.645,0.0240846,0.0174259,0.00055897
0.655,0.024012,0.0173481,0.000484472
0.665,0.0239395,0.0172677,0.000406695
0.675,0.0238667,0.0171834,0.000325504
0.685,0.0237927,0.0170943,0.000241392
0.695,0.0237161,0.0169999,0.000155425
0.705,0.0236357,0.0169011,6.84367e-05
0.715,0.0235504,0.0167999,-1.9304e-05
0.725,0.0234596,0.0166987,-0.000107901
0.735,0.0233631,0.016599,-0.000197715
0.745,0.0232614,0.0165018,-0.000289429
0.755,0.0231558,0.0164078,-0.000383733
0.765,0.0230479,0.0163171,-0.000480778
0.775,0.022938,0.0162291,-0.00058013
0.785,0.0228271,0.0161417,-0.000680988
0.795,0.0227168,0.0160518,-0.000782187
0.805,0.0226066,0.0159557,-0.000882418
0.815,0.0224957,0.0158508,-0.000981089
0.825,0.0223828,0.0157354,-0.00107914
0.835,0.0222673,0.0156093,-0.00117845
0.845,0.0221492,0.0154737,-0.0012802
0.855,0.0220293,0.0153323,-0.00138444
0.865,0.0219099,0.0151891,-0.00149105
0.875,0.0217944,0.0150478,-0.00160018
0.885,0.0216853,0.0149099,-0.00171142
0.895,0.0215842,0.0147748,-0.00182357
0.905,0.0214909,0.0146416,-0.00193539
0.915,0.0214036,0.0145096,-0.00204623
0.925,0.0213176,0.0143785,-0.00215614
0.935,0.0212264,0.0142484,-0.0022657
0.945,0.0211244,0.0141189,-0.00237594
0.955,0.0210097,0.0139897,-0.00248832
0.965,0.020884,0.0138602,-0.00260415
0.975,0.0207523,0.0137306,-0.00272317
0.985,0.0206184,0.0136022,-0.00284295
0.995,0.0204857,0.0134781,-0.00295981
1.01,0.0202986,0.0133046,-0.00312342
1.025,0.0201354,0.0131461,-0.00327258
1.04,0.0199877,0.0129952,-0.00341723
1.055,0.0198309,0.0128384,-0.00357404
1.07,0.0196598,0.0126601,-0.00375364
1.085,0.0194862,0.0124533,-0.00395159
1.1,0.0193194,0.0122255,-0.00415387
1.115,0.019162,0.0119951,-0.00434968
1.13,0.0190117,0.0117805,-0.00453438
1.145,0.0188652,0.0115924,-0.00470544
1.16,0.018725,0.0114294,-0.0048703
1.175,0.0185863,0.0112777,-0.00503994
1.19,0.0184277,0.011129,-0.00521546
1.205,0.0182254,0.0109863,-0.00539032
1.22,0.0179856,0.0108513,-0.00555763
1.235,0.0177391,0.0107225,-0.00572031
1.25,0.0175067,0.0105947,-0.00589165
1.265,0.0172879,0.0104618,-0.00607775
1.28,0.0170765,0.0103264,-0.00626901
1.295,0.0168757,0.0101958,-0.00645661
1.31,0.0166822,0.0100537,-0.00665458
1.325,0.0164798,0.009866,-0.00689234
1.34,0.0162554,0.00962123,-0.00717921
1.355,0.0160374,0.00931824,-0.0074953
1.37,0.0158532,0.00898366,-0.00781592
1.385,0.0156767,0.00865846,-0.00812934
1.4,0.015475,0.00835164,-0.00843372
1.415,0.0152657,0.00806594,-0.00873015
1.43,0.0150921,0.00779847,-0.0090183
1.445,0.0149284,0.00753605,-0.00930762
1.46,0.0147,0.00726475,-0.00960268
1.475,0.0144157,0.00699294,-0.00988238
1.49,0.0141684,0.00674931,-0.0101306
1.505,0.0140154,0.00653086,-0.0103642
1.52,0.0138961,0.00630928,-0.0106125
1.535,0.0137341,0.00607812,-0.0108654
1.55,0.0135162,0.00586955,-0.0110834
1.565,0.0132794,0.00569702,-0.0112749
1.58,0.0131143,0.0055041,-0.0114989
1.595,0.0130626,0.0052428,-0.0117627
1.61,0.0130439,0.00495069,-0.0120037
1.625,0.013011,0.00471839,-0.0121718
1.64,0.0129765,0.00456603,-0.0122858
1.655,0.0129434,0.00443732,-0.0124095
1.67,0.0129888,0.00427314,-0.012587
1.685,0.0131803,0.004067,-0.012788
1.7,0.0135022,0.00388836,-0.0129152
1.715,0.0139377,0.00382522,-0.0129308
1.73,0.0143337,0.00387896,-0.0128851
1.745,0.0144953,0.0039844,-0.0128188
1.76,0.0145141,0.00408921,-0.0127731
1.775,0.0147024,0.00416695,-0.0127431
1.79,0.015056,0.00427322,-0.0126407
1.805,0.0152775,0.00453017,-0.0123828
1.82,0.0152986,0.00502843,-0.0119078
1.835,0.0152061,0.00576874,-0.0112659
1.85,0.0150867,0.0065664,-0.010672
1.865,0.014951,0.00717982,-0.0102893
1.88,0.0147665,0.00756926,-0.0100316
1.895,0.0146471,0.00794728,-0.00970762
1.91,0.0147259,0.00843769,-0.00928496
1.925,0.0149411,0.00894492,-0.00886033
1.94,0.0153029,0.00933096,-0.00858254
1.955,0.0157017,0.00952896,-0.00851654
1.97,0.0159703,0.00951586,-0.00860247
1.985,0.0162849,0.00935637,-0.00878531
2.0,0.0168066,0.00907631,-0.00895943
2.01,0.0172084,0.00886687,-0.00901698
2.02,0.0175807,0.00873048,-0.00900849
2.03,0.0179066,0.00868421,-0.00893179
2.04,0.0182076,0.00873281,-0.00878486
2.05,0.0184826,0.00887296,-0.00858632
2.06,0.018737,0.00908217,-0.00837855
2.07,0.0190015,0.00932995,-0.00819629
2.08,0.0192715,0.00956656,-0.00804215
2.09,0.0194876,0.00978601,-0.00788658
2.1,0.0196042,0.0100271,-0.0076826
2.11,0.019613,0.0103275,-0.00739816
2.12,0.0195553,0.0107115,-0.00705144
2.13,0.0194635,0.0111625,-0.00669377
2.14,0.0193377,0.0116305,-0.00635586
2.15,0.0192044,0.0120765,-0.00604377
2.16,0.0190798,0.0124954,-0.00576371
2.17,0.0189938,0.0128904,-0.00550565
2.18,0.0189862,0.0132699,-0.00522661
2.19,0.0190601,0.0136573,-0.00489446
2.2,0.0192283,0.0140606,-0.00452788
2.21,0.0194881,0.0144385,-0.0041896
2.22,0.0197703,0.0147248,-0.00394846
2.23,0.0199659,0.0148834,-0.00384009
2.24,0.020008,0.0149172,-0.00385365
2.25,0.0199392,0.0148378,-0.00393992
2.26,0.0199297,0.0146574,-0.00406027
2.27,0.0201038,0.0144078,-0.00418902
2.28,0.0204224,0.0141373,-0.00428589
2.29,0.0207385,0.0138837,-0.00433131
2.3,0.0209335,0.0136802,-0.00431607
2.31,0.0209858,0.0135629,-0.00421325
2.32,0.0209406,0.0135419,-0.00400844
2.33,0.0208294,0.0136393,-0.00372957
2.34,0.0206454,0.0138373,-0.00345768
2.35,0.0204226,0.0140275,-0.00326877
2.36,0.0202567,0.0141216,-0.00318131
2.37,0.020181,0.0141455,-0.00315139
2.38,0.0200989,0.0141771,-0.00309373
2.39,0.0199391,0.0142875,-0.00297013
2.4,0.0197018,0.0145008,-0.00280407
2.41,0.0193862,0.0147725,-0.00264194
2.42,0.01901,0.0150124,-0.00254352
2.43,0.0186196,0.0151595,-0.00253605
2.44,0.0181963,0.015208,-0.00262867
2.45,0.0177157,0.0151631,-0.00281858
2.46,0.0172369,0.015046,-0.00303565
2.47,0.0168148,0.0148918,-0.00320136
2.48,0.0164488,0.0147622,-0.0032965
2.49,0.0160667,0.0146797,-0.00335724
2.5,0.0156015,0.0145913,-0.00346389
2.51,0.0150567,0.0144354,-0.00366186
2.52,0.0144693,0.0141869,-0.00395714
2.53,0.0138229,0.0138393,-0.004362
2.54,0.0132126,0.0133892,-0.00487376
2.55,0.0127977,0.012852,-0.00547114
2.56,0.0125655,0.0122486,-0.00608707
2.57,0.0123914,0.0115807,-0.006659
2.58,0.0121476,0.0108729,-0.00716892
2.59,0.011741,0.0102176,-0.00761135
2.6,0.0111673,0.00963068,-0.00802679
2.61,0.010517,0.00904853,-0.00849514
2.62,0.00991889,0.00840981,-0.00908011
2.63,0.00944895,0.00766621,-0.00982656
2.64,0.00905385,0.00681273,-0.0107243
2.65,0.00861273,0.00582763,-0.0116791
2.66,0.00804807,0.00476646,-0.0125867
2.67,0.00736732,0.00379259,-0.0133884
2.68,0.00661315,0.00296145,-0.0140561
2.69,0.00580444,0.0022586,-0.0146283
2.7,0.00496587,0.0016147,-0.0152165
2.71,0.00414505,0.000910946,-0.0158931
2.72,0.00334505,9.72434e-05,-0.0166626
2.73,0.00253519,-0.000782303,-0.0174985
2.74,0.00170166,-0.00165895,-0.0183585
2.75,0.000857797,-0.00249333,-0.0192259
2.76,2.55394e-05,-0.00330803,-0.020106
2.77,-0.000784275,-0.00415505,-0.0210144
2.78,-0.00157983,-0.00507672,-0.0219803
2.79,-0.00238114,-0.00607951,-0.0230129
2.8,-0.00318332,-0.00716489,-0.0240966
2.81,-0.00394162,-0.00830579,-0.0252025
2.82,-0.00461066,-0.00945776,-0.0263071
2.83,-0.00517792,-0.0105875,-0.0274129
2.84,-0.0056793,-0.0116953,-0.028516
2.85,-0.00616187,-0.0127987,-0.0295955
2.86,-0.00663906,-0.0138976,-0.0306335
2.87,-0.00708271,-0.0149758,-0.031609
2.88,-0.007464,-0.0160126,-0.032501
2.89,-0.0077958,-0.01699,-0.0333113
2.9,-0.00811431,-0.0179077,-0.0340856
2.91,-0.00842161,-0.0187894,-0.0348755
2.92,-0.0086863,-0.0196586,-0.0356809
2.93,-0.00892185,-0.0205101,-0.0364742
2.94,-0.00917918,-0.0213212,-0.0372311
2.95,-0.0094821,-0.0220661,-0.037936
2.96,-0.00986052,-0.0227371,-0.0385942
2.97,-0.0103617,-0.0233536,-0.0392068
2.98,-0.0109933,-0.0239303,-0.0397601
2.99,-0.0116874,-0.02445,-0.04026
3.0,-0.0123528,-0.0248888,-0.040729
3.01,-0.012951,-0.0252371,-0.0411755
3.02,-0.0135242,-0.025511,-0.0415815
3.03,-0.0140846,-0.0257351,-0.0419379
3.04,-0.0146027,-0.0259018,-0.042258
3.05,-0.0151149,-0.0260063,-0.0425574
3.06,-0.0157224,-0.0260977,-0.0428651
3.07,-0.0164512,-0.0262294,-0.0432137
3.08,-0.017201,-0.0264353,-0.0436347
3.09,-0.0178367,-0.0267531,-0.0441626
3.1,-0.0182668,-0.0271988,-0.044789
3.11,-0.0184986,-0.0277387,-0.0454709
3.12,-0.0185566,-0.0283188,-0.0461786
3.13,-0.0184552,-0.0289063,-0.0469026
3.14,-0.0182014,-0.0295026,-0.0476274
3.15,-0.0177841,-0.0301111,-0.0483277
3.16,-0.0171787,-0.0307223,-0.0489969
3.17,-0.0163659,-0.0313409,-0.0496703
3.18,-0.0153506,-0.0320038,-0.0504154
3.19,-0.0141383,-0.0327647,-0.051235
3.2,-0.0127383,-0.033631,-0.0520441
3.21,-0.0111601,-0.0345019,-0.0527814
3.22,-0.00938481,-0.0352762,-0.0534206
3.23,-0.00739232,-0.0359082,-0.0539131
3.24,-0.0051715,-0.0363435,-0.0542242
3.25,-0.00271329,-0.0365402,-0.0543373
3.26,-5.85555e-06,-0.0364737,-0.0542445
3.27,0.00295741,-0.0361348,-0.053958
3.28,0.00615092,-0.0355401,-0.0534912
3.29,0.00953907,-0.0347219,-0.0528642
3.3,0.0130992,-0.0337063,-0.052095
3.31,0.0168295,-0.032509,-0.0511707
3.32,0.0207375,-0.0311232,-0.0500759
3.33,0.0248228,-0.0295254,-0.048797
3.34,0.0290616,-0.0276935,-0.0473087
3.35,0.0333394,-0.0256137,-0.0456037
3.36,0.0375036,-0.0232801,-0.0436836
3.37,0.0415302,-0.0206929,-0.0415382
3.38,0.0454758,-0.017843,-0.0391675
3.39,0.0493953,-0.0147216,-0.0365708
3.4,0.0533409,-0.0113314,-0.0337476
3.41,0.0573334,-0.00768831,-0.0307094
3.42,0.0613894,-0.00380858,-0.0274547
3.43,0.0655349,0.000309751,-0.0239912
3.44,0.0697894,0.00466971,-0.0203428
3.45,0.0741549,0.0092531,-0.0165057
3.46,0.0786008,0.0140696,-0.0124524
3.47,0.0831027,0.0192136,-0.00817996
3.48,0.0876611,0.0247047,-0.00370152
3.49,0.0922842,0.0304229,0.00102105
3.5,0.0970099,0.0362657,0.00601103
3.51,0.101891,0.0421628,0.0111819
3.52,0.106865,0.0480559,0.0164516
3.53,0.11179,0.0539421,0.0218233
3.54,0.116654,0.0598588,0.0272991
3.55,0.121538,0.0658434,0.0328704
3.56,0.126436,0.0719173,0.0385467
3.57,0.131292,0.0780768,0.0443318
3.58,0.136078,0.0843146,0.0502256
3.59,0.140764,0.0906329,0.0562162
3.6,0.145325,0.0970301,0.0622929
3.61,0.14976,0.103516,0.0684667
3.62,0.154082,0.110116,0.0747392
3.63,0.158289,0.116836,0.0810787
3.64,0.162384,0.123634,0.0874287
3.65,0.166376,0.130451,0.0937326
3.66,0.170257,0.137236,0.0999628
3.67,0.174011,0.143958,0.106114
3.68,0.177631,0.150589,0.112176
3.69,0.181128,0.157112,0.118135
3.7,0.184515,0.163518,0.123981
3.71,0.187806,0.169803,0.129712
3.72,0.191001,0.17596,0.135326
3.73,0.194081,0.181977,0.14082
3.74,0.19701,0.187841,0.146177
3.75,0.199812,0.193531,0.15138
3.76,0.2025,0.199022,0.156416
3.77,0.205031,0.204295,0.161268
3.78,0.207377,0.209341,0.165924
3.79,0.209567,0.214158,0.170375
3.8,0.211606,0.218745,0.174614
3.81,0.213491,0.22311,0.178641
3.82,0.215262,0.227261,0.182452
3.83,0.216938,0.231206,0.186032
3.84,0.21853,0.23495,0.189371
3.85,0.22006,0.238495,0.192482
3.86,0.22157,0.241835,0.195397
3.87,0.223074,0.244955,0.198133
3.88,0.224582,0.247858,0.200684
3.89,0.226165,0.250545,0.203013
3.9,0.227821,0.253018,0.205069
3.91,0.229425,0.255297,0.206793
3.92,0.230916,0.257405,0.208192
3.93,0.232261,0.259352,0.20938
3.94,0.23348,0.261132,0.21041
3.95,0.234613,0.262732,0.211313
3.96,0.235685,0.264149,0.212125
3.97,0.236732,0.26537,0.21283
3.98,0.237809,0.266391,0.213491
3.99,0.238972,0.26723,0.214052
4.0,0.240222,0.267897,0.214327
4.01,0.241494,0.268398,0.214341
4.02,0.242629,0.268728,0.214221
4.03,0.243544,0.268879,0.214059
4.04,0.244142,0.268859,0.213919
4.05,0.24434,0.268709,0.213822
4.06,0.244355,0.268544,0.213806
4.07,0.244395,0.268427,0.213874
4.08,0.244397,0.268306,0.21397
4.09,0.24432,0.268191,0.214056
4.1,0.244243,0.268037,0.214095
4.11,0.244153,0.267819,0.21406
4.12,0.244021,0.267515,0.213928
4.13,0.24386,0.267086,0.213686
4.14,0.243635,0.266505,0.213375
4.15,0.243329,0.265766,0.212983
4.16,0.242938,0.264883,0.212468
4.17,0.242449,0.263849,0.211885
4.18,0.241884,0.26268,0.211269
4.19,0.241255,0.261374,0.210571
4.2,0.240542,0.259935,0.209734
4.21,0.239745,0.258391,0.208722
4.22,0.238917,0.25673,0.207498
4.23,0.238077,0.254956,0.206028
4.24,0.237241,0.253077,0.204291
4.25,0.236471,0.251084,0.20227
4.26,0.235732,0.248988,0.199956
4.27,0.234898,0.246766,0.19739
4.28,0.233854,0.244346,0.194592
4.29,0.232586,0.241706,0.191517
4.3,0.23105,0.238868,0.188155
4.31,0.229303,0.235832,0.184532
4.32,0.227615,0.232624,0.18066
4.33,0.226337,0.229281,0.176595
4.34,0.225414,0.225798,0.172381
4.35,0.224525,0.222156,0.168058
4.36,0.223588,0.218343,0.163692
4.37,0.222556,0.214345,0.159133
4.38,0.2214,0.210189,0.154218
4.39,0.220294,0.205902,0.149123
4.4,0.219443,0.201456,0.144069
4.41,0.218876,0.196968,0.139115
4.42,0.21853,0.192713,0.134278
4.43,0.218374,0.188792,0.12957
4.44,0.218481,0.185132,0.125033
4.45,0.218851,0.181766,0.120712
4.46,0.219629,0.178713,0.116595
4.47,0.220856,0.175963,0.112667
4.48,0.222401,0.173505,0.108916
4.49,0.224125,0.171297,0.105332
4.5,0.225842,0.169366,0.101928
4.51,0.227487,0.167693,0.0987218
4.52,0.229099,0.166312,0.095735
4.53,0.230763,0.165228,0.0929898
4.54,0.232325,0.164418,0.0904934
4.55,0.233411,0.1639,0.0882218
4.56,0.233816,0.16359,0.086178
4.57,0.233831,0.16346,0.0843435
4.58,0.233667,0.163725,0.0826356
4.59,0.233266,0.164527,0.0811595
4.6,0.232731,0.165571,0.0801342
4.61,0.232267,0.166542,0.0793714
4.62,0.231876,0.167279,0.0785009
4.63,0.231451,0.167699,0.077585
4.64,0.231026,0.167793,0.0765689
4.65,0.230452,0.167585,0.0753076
4.66,0.229621,0.167082,0.0738366
4.67,0.228625,0.166319,0.0721307
4.68,0.227481,0.165365,0.070197
4.69,0.226273,0.16421,0.0680131
4.7,0.225115,0.162814,0.0655778
4.71,0.224086,0.161165,0.0630477
4.72,0.223337,0.159258,0.0603412
4.73,0.222854,0.157102,0.057336
4.74,0.222706,0.154742,0.0540163
4.75,0.222812,0.152189,0.0502106
4.76,0.223019,0.149514,0.0461365
4.77,0.223315,0.146771,0.042066
4.78,0.223651,0.143888,0.0380317
4.79,0.224093,0.140794,0.0341903
4.8,0.224728,0.137699,0.0305389
4.81,0.22547,0.134782,0.0270584
4.82,0.226379,0.132109,0.0238172
4.83,0.227464,0.129761,0.0207637
4.84,0.228699,0.12769,0.0179279
4.85,0.230134,0.125855,0.0152724
4.86,0.231741,0.124264,0.0127418
4.87,0.233428,0.122932,0.0103967
4.88,0.235238,0.121846,0.00822311
4.89,0.237307,0.120989,0.00629075
4.9,0.239576,0.120388,0.00462348
4.91,0.241902,0.120026,0.00319573
4.92,0.244222,0.119918,0.00203562
4.93,0.246538,0.120083,0.00112267
4.94,0.24886,0.120532,0.000462968
4.95,0.251226,0.121298,0.000103505
4.96,0.253632,0.12235,4.78788e-05
4.97,0.256046,0.12365,0.000262606
4.98,0.25846,0.125376,0.000643433
4.99,0.260828,0.127686,0.00122104
5.0,0.263126,0.130257,0.0020264
5.01,0.265388,0.132748,0.00293794
5.02,0.26765,0.135015,0.00385031
5.03,0.269971,0.137004,0.00471181
5.04,0.272383,0.138743,0.00552134
5.05,0.274872,0.140287,0.00630782
5.06,0.277401,0.141653,0.00714135
5.07,0.279929,0.142908,0.00809543
5.08,0.282439,0.144087,0.00915988
5.09,0.284905,0.145171,0.0103213
5.1,0.287298,0.14618,0.0115824
5.11,0.289592,0.147122,0.0129311
5.12,0.291799,0.148056,0.0143067
5.13,0.293957,0.149,0.0156743
5.14,0.296054,0.149949,0.0170494
5.15,0.298024,0.150862,0.018439
5.16,0.299752,0.151745,0.0199237
5.17,0.301164,0.152679,0.0215142
5.18,0.302326,0.153743,0.0231528
5.19,0.303367,0.155035,0.0248897
5.2,0.304413,0.15659,0.0268068
5.21,0.305554,0.15841,0.0289278
5.22,0.306799,0.160466,0.0311321
5.23,0.308122,0.162696,0.0332799
5.24,0.309474,0.16502,0.0353612
5.25,0.310793,0.167318,0.0373892
5.26,0.312047,0.169526,0.0393821
5.27,0.313282,0.171605,0.0413459
5.28,0.314572,0.17355,0.0432479
5.29,0.315909,0.175368,0.0450969
5.3,0.317244,0.177088,0.0468949
5.31,0.318512,0.178735,0.0486114
5.32,0.319658,0.180314,0.0502157
5.33,0.320773,0.181822,0.0516881
5.34,0.321978,0.183241,0.053052
5.35,0.323282,0.184555,0.0543107
5.36,0.324542,0.185764,0.0554005
5.37,0.32567,0.186893,0.0562266
5.38,0.32672,0.188021,0.0568818
5.39,0.327716,0.189189,0.0575415
5.4,0.328675,0.190363,0.0581631
5.41,0.329602,0.19152,0.0587227
5.42,0.330458,0.192644,0.0592535
5.43,0.331232,0.193707,0.0598142
5.44,0.331924,0.194673,0.0604549
5.45,0.332533,0.195531,0.0611357
5.46,0.333049,0.196297,0.0618086
5.47,0.333461,0.196981,0.0624031
5.48,0.333772,0.197578,0.0628924
5.49,0.334029,0.198072,0.063302
5.5,0.334218,0.198452,0.0636433
5.51,0.334246,0.19873,0.0638719
5.52,0.334086,0.198949,0.0639859
5.53,0.333709,0.199134,0.0640314
5.54,0.333101,0.199281,0.0639558
5.55,0.332302,0.199367,0.0637027
5.56,0.331402,0.199388,0.0632838
5.57,0.330518,0.199364,0.0627614
5.58,0.329636,0.199282,0.0621772
5.59,0.328734,0.199121,0.0614419
5.6,0.327845,0.198894,0.060532
5.61,0.326954,0.19864,0.0596057
5.62,0.326033,0.198362,0.0587005
5.63,0.325037,0.19803,0.0577792
5.64,0.323907,0.19761,0.0568966
5.65,0.322647,0.197073,0.0560842
5.66,0.321295,0.19644,0.0553046
5.67,0.319996,0.19575,0.0545067
5.68,0.318865,0.19502,0.0536782
5.69,0.317877,0.194205,0.0527679
5.7,0.316993,0.193279,0.051744
5.71,0.316135,0.192224,0.0505848
5.72,0.315245,0.191033,0.0492761
5.73,0.31433,0.189698,0.0479175
5.74,0.313391,0.188236,0.0465637
5.75,0.312443,0.186696,0.0451691
5.76,0.311497,0.185095,0.0437317
5.77,0.310644,0.183437,0.0422913
5.78,0.309934,0.181688,0.040876
5.79,0.309333,0.17985,0.0395034
5.8,0.308792,0.177959,0.038193
5.81,0.308299,0.176192,0.0369931
5.82,0.307892,0.174617,0.0359501
5.83,0.307624,0.173188,0.0350591
5.84,0.307501,0.171818,0.0342596
5.85,0.307473,0.170474,0.0334573
5.86,0.307503,0.169108,0.0326209
5.87,0.307593,0.167707,0.0317412
5.88,0.307716,0.16631,0.0308216
5.89,0.307857,0.164939,0.0298991
5.9,0.308056,0.163629,0.0290134
5.91,0.30836,0.162422,0.0282056
5.92,0.308797,0.161365,0.0274925
5.93,0.309333,0.160486,0.0268944
5.94,0.30991,0.159781,0.0264281
5.95,0.31053,0.159251,0.0260769
5.96,0.311211,0.1589,0.0258596
5.97,0.311916,0.158724,0.0257597
5.98,0.312534,0.158702,0.0256918
5.99,0.312966,0.158795,0.025615
6.0,0.313157,0.158948,0.025515
6.01,0.313094,0.159133,0.0253796
6.02,0.312877,0.159313,0.0252099
6.03,0.312607,0.159455,0.0250047
6.04,0.312295,0.159536,0.024734
6.05,0.311965,0.159528,0.0243686
6.06,0.311648,0.15941,0.0239063
6.07,0.311386,0.159194,0.0233482
6.08,0.31129,0.158897,0.0226906
6.09,0.311403,0.15852,0.0219325
6.1,0.311668,0.158044,0.0210638
6.11,0.312081,0.157427,0.0200659
6.12,0.312665,0.156682,0.0189399
6.13,0.313374,0.155907,0.0177087
6.14,0.31412,0.155139,0.0163815
6.15,0.314834,0.154399,0.0149794
6.16,0.315513,0.153714,0.0135488
6.17,0.316195,0.153111,0.0121189
6.18,0.316922,0.152593,0.0107086
6.19,0.317707,0.15215,0.00934813
6.2,0.318539,0.151774,0.00802885
6.21,0.319439,0.151452,0.00673701
6.22,0.320437,0.1512,0.00548258
6.23,0.321517,0.151028,0.00428995
6.24,0.322639,0.150925,0.0031813
6.25,0.323777,0.150877,0.00216131
6.26,0.324908,0.150882,0.00124095
6.27,0.325992,0.150958,0.000434967
6.28,0.326996,0.151146,-0.000256634
6.29,0.327887,0.15146,-0.000843067
6.3,0.328626,0.151898,-0.00129991
6.31,0.329253,0.152459,-0.001574
6.32,0.329847,0.153147,-0.00165274
6.33,0.330428,0.153969,-0.00158758
6.34,0.330995,0.154893,-0.00142039
6.35,0.331574,0.1559,-0.00107821
6.36,0.332183,0.157066,-0.000471691
6.37,0.332804,0.158338,0.00028256
6.38,0.333433,0.159569,0.00105833
6.39,0.334048,0.160714,0.00187528
6.4,0.334643,0.161768,0.00270627
6.41,0.335238,0.162759,0.00355191
6.42,0.33586,0.163704,0.00442649
6.43,0.336531,0.164637,0.00532404
6.44,0.337272,0.165588,0.00626976
6.45,0.338083,0.166546,0.00728387
6.46,0.338923,0.167491,0.00838744
6.47,0.339768,0.168415,0.0095629
6.48,0.340637,0.169308,0.0107831
6.49,0.341544,0.170185,0.0120413
6.5,0.342466,0.171073,0.0133703
6.51,0.343369,0.171966,0.0148023
6.52,0.344229,0.172853,0.0162943
6.53,0.345053,0.173735,0.0178226
6.54,0.345881,0.17464,0.0194008
6.55,0.34673,0.175615,0.0210236
6.56,0.347611,0.176674,0.0226949
6.57,0.348531,0.177835,0.0244337
6.58,0.34948,0.179113,0.0262274
6.59,0.350462,0.180464,0.0280394
6.6,0.351471,0.181824,0.0298554
6.61,0.352481,0.183169,0.0316686
6.62,0.353474,0.184511,0.0334653
6.63,0.354412,0.185871,0.0352451
6.64,0.355253,0.187273,0.0370127
6.65,0.355993,0.188733,0.0387598
6.66,0.356643,0.190225,0.040466
6.67,0.357214,0.191709,0.0421108
6.68,0.357741,0.193174,0.0436734
6.69,0.358271,0.194609,0.0451417
6.7,0.358818,0.195998,0.046533
6.71,0.359382,0.197335,0.0478797
6.72,0.359963,0.198624,0.049193
6.73,0.360538,0.199867,0.0504643
6.74,0.361093,0.201065,0.051687
6.75,0.361635,0.202214,0.0528486
6.76,0.362141,0.203307,0.0539307
6.77,0.362596,0.204347,0.0549361
6.78,0.363012,0.205343,0.0558712
6.79,0.363376,0.206304,0.056736
6.8,0.363652,0.207229,0.0575288
6.81,0.363823,0.208115,0.0582384
6.82,0.363885,0.20895,0.0588569
6.83,0.363838,0.209711,0.0593686
6.84,0.363694,0.210372,0.0597568
6.85,0.363511,0.210912,0.0600113
6.86,0.363326,0.211316,0.0601212
6.87,0.363122,0.211568,0.0600857
6.88,0.362867,0.211661,0.0599089
6.89,0.362529,0.211597,0.0595998
6.9,0.362045,0.211378,0.0591667
6.91,0.361483,0.211026,0.0586308
6.92,0.361017,0.210556,0.0580039
6.93,0.36074,0.209974,0.0572719
6.94,0.360628,0.209299,0.0564476
6.95,0.360644,0.20855,0.0555635
6.96,0.36079,0.20774,0.0545631
6.97,0.361024,0.206873,0.0533461
6.98,0.361302,0.205946,0.0519806
6.99,0.361575,0.204934,0.0506149
7.0,0.361835,0.203834,0.0492951
7.01,0.362138,0.202649,0.0480508
7.02,0.362513,0.201411,0.0469395
7.03,0.362974,0.200271,0.045991
7.04,0.363513,0.199244,0.0452114
7.05,0.364143,0.198364,0.0445793
7.06,0.364847,0.197632,0.0440744
7.07,0.365602,0.197026,0.0436868
7.08,0.366421,0.196511,0.0434077
7.09,0.367294,0.196088,0.043242
7.1,0.368181,0.195751,0.0431592
7.11,0.369054,0.195492,0.0431546
7.12,0.369884,0.195292,0.0432559
7.13,0.370632,0.195144,0.0434292
7.14,0.371297,0.195069,0.0436566
7.15,0.371912,0.195038,0.0439734
7.16,0.372514,0.195025,0.0443951
7.17,0.373125,0.195021,0.0449007
7.18,0.373752,0.19502,0.0454845
7.19,0.374392,0.195014,0.0461235
7.2,0.375045,0.194998,0.0467736
7.21,0.375703,0.194985,0.0474353
7.22,0.376355,0.194993,0.0481283
7.23,0.376983,0.195013,0.0488576
7.24,0.377555,0.19503,0.0496003
7.25,0.37801,0.195029,0.0503265
7.26,0.378308,0.194986,0.051011
7.27,0.378523,0.194885,0.0516205
7.28,0.378786,0.194723,0.0521399
7.29,0.379181,0.194505,0.0525537
7.3,0.379683,0.194251,0.0528469
7.31,0.380245,0.193996,0.0530335
7.32,0.380848,0.193764,0.053132
7.33,0.381495,0.193575,0.0531559
7.34,0.382198,0.193445,0.0531121
7.35,0.382959,0.193375,0.0529976
7.36,0.383788,0.193365,0.0528241
7.37,0.384704,0.193431,0.0526359
7.38,0.3857,0.193578,0.0524648
7.39,0.386674,0.193817,0.0523096
7.4,0.38746,0.194155,0.0521604
7.41,0.387996,0.19457,0.0520097
7.42,0.388402,0.194987,0.0518304
7.43,0.388774,0.195341,0.05158
7.44,0.389096,0.19563,0.0512376
7.45,0.389354,0.195868,0.0508041
7.46,0.389567,0.196055,0.0502818
7.47,0.389721,0.196172,0.0496656
7.48,0.38983,0.196201,0.0489386
7.49,0.38993,0.196142,0.0480997
7.5,0.390047,0.196003,0.0471615
7.51,0.390175,0.19579,0.0461327
7.52,0.39028,0.195507,0.0450001
7.53,0.390339,0.195163,0.0437525
7.54,0.390369,0.194787,0.0424314
7.55,0.390373,0.194391,0.0410778
7.56,0.390341,0.193967,0.0397048
7.57,0.390286,0.193505,0.0383074
7.58,0.390201,0.192988,0.0368669
7.59,0.390046,0.192407,0.0353816
7.6,0.389812,0.191751,0.0338743
7.61,0.389522,0.191,0.032372
7.62,0.389215,0.190143,0.0308795
7.63,0.388864,0.189177,0.0293868
7.64,0.388358,0.188105,0.0278996
7.65,0.387724,0.186932,0.026437
7.66,0.387129,0.185674,0.0250227
7.67,0.386658,0.184347,0.0236642
7.68,0.386324,0.182984,0.0223634
7.69,0.386081,0.181622,0.0211305
7.7,0.385911,0.180278,0.0199666
7.71,0.38583,0.17896,0.0188667
7.72,0.385803,0.177671,0.0178181
7.73,0.385832,0.17642,0.016807
7.74,0.385913,0.17522,0.0158404
7.75,0.38607,0.174095,0.0149429
7.76,0.38629,0.173068,0.0141308
7.77,0.386528,0.172156,0.0134141
7.78,0.386772,0.171378,0.0128102
7.79,0.387067,0.170749,0.0123376
7.8,0.387478,0.170264,0.0120008
7.81,0.388023,0.169912,0.0117946
7.82,0.388705,0.169677,0.0117177
7.83,0.389524,0.169542,0.0117699
7.84,0.390451,0.169512,0.0119477
7.85,0.391426,0.169623,0.0122516
7.86,0.392435,0.169904,0.0127234
7.87,0.393483,0.17033,0.0133274
7.88,0.394586,0.170836,0.0139792
7.89,0.39577,0.171371,0.0147022
7.9,0.396981,0.171954,0.0155256
7.91,0.398096,0.172623,0.0164224
7.92,0.39901,0.173364,0.0173402
7.93,0.399675,0.174129,0.0182375
7.94,0.400099,0.17486,0.0191143
7.95,0.400332,0.175514,0.0199675
7.96,0.400428,0.176077,0.0207811
7.97,0.400438,0.176549,0.0215362
7.98,0.400394,0.176941,0.0222259
7.99,0.400389,0.177269,0.0228552
8.0,0.400481,0.177537,0.0234053
8.0125,0.400696,0.177771,0.0239399
8.025,0.400922,0.177857,0.0242693
8.0375,0.401156,0.177702,0.0243772
8.05,0.401414,0.177388,0.0242861
8.0625,0.401686,0.177128,0.0241087
8.075,0.401983,0.176997,0.0239217
8.0875,0.402218,0.177025,0.0237324
8.1,0.402374,0.177184,0.0235481
8.1125,0.40248,0.17746,0.0233909
8.125,0.402493,0.177823,0.0232477
8.1375,0.402424,0.178239,0.0231036
8.15,0.402335,0.178726,0.0229395
8.1625,0.402274,0.179292,0.0227041
8.175,0.402262,0.179869,0.0223425
8.1875,0.402287,0.18039,0.0218738
8.2,0.402333,0.180811,0.0213707
8.2125,0.402291,0.18113,0.0209058
8.225,0.402131,0.181362,0.0205061
8.2375,0.401915,0.181534,0.0201527
8.25,0.401702,0.181636,0.0198175
8.2625,0.401517,0.181632,0.0195104
8.275,0.401349,0.181512,0.0192604
8.2875,0.401142,0.181315,0.019093
8.3,0.400889,0.18109,0.0189897
8.3125,0.400558,0.180847,0.0188616
8.325,0.400138,0.180571,0.0186273
8.3375,0.399663,0.180243,0.0182472
8.35,0.399156,0.179794,0.0176695
8.3625,0.398589,0.179153,0.0168881
8.375,0.397866,0.178299,0.0158835
8.3875,0.397068,0.177246,0.0146776
8.4,0.396257,0.176032,0.0132536
8.4125,0.395379,0.174686,0.011733
8.425,0.394439,0.173188,0.0102366
8.4375,0.393552,0.171506,0.00879934
8.45,0.392905,0.16966,0.00743558
8.4625,0.392575,0.167641,0.00614081
8.475,0.392388,0.165567,0.00492077
8.4875,0.39217,0.163528,0.00380356
8.5,0.391967,0.161582,0.00281608
8.5125,0.391893,0.159797,0.00198279
8.525,0.391981,0.158224,0.00130358
8.5375,0.392209,0.156865,0.000819144
8.55,0.392539,0.155713,0.000582894
8.5625,0.392931,0.154792,0.000547842
8.575,0.393308,0.154166,0.000574994
8.5875,0.393576,0.153753,0.000610218
8.6,0.393729,0.153367,0.000613155
8.6125,0.393816,0.152993,0.000557345
8.625,0.393852,0.152664,0.000435395
8.6375,0.393852,0.152295,0.000247156
8.65,0.393811,0.151812,-2.68543e-05
8.6625,0.393747,0.151219,-0.000401277
8.675,0.393595,0.150528,-0.00089554
8.6875,0.393247,0.149734,-0.00153178
8.7,0.392719,0.148809,-0.00227386
8.7125,0.392183,0.147749,-0.0030311
8.725,0.391691,0.146648,-0.00373874
8.7375,0.39129,0.145596,-0.00438748
8.75,0.391087,0.144611,-0.00501213
8.7625,0.390993,0.143671,-0.00569264
8.775,0.390892,0.142723,-0.00650212
8.7875,0.390829,0.141712,-0.00744454
8.8,0.390807,0.140642,-0.00847119
8.8125,0.390766,0.139564,-0.00951329
8.825,0.39072,0.13856,-0.0105267
8.8375,0.390704,0.137684,-0.0115259
8.85,0.390737,0.136938,-0.0125346
8.8625,0.390786,0.136293,-0.0135662
8.875,0.390846,0.135743,-0.0146183
8.8875,0.390986,0.135277,-0.0156592
8.9,0.391238,0.134849,-0.0166456
8.9125,0.391572,0.134419,-0.0175584
8.925,0.391983,0.133998,-0.0184024
8.9375,0.392509,0.133621,-0.0191896
8.95,0.39314,0.133271,-0.019946
8.9625,0.3938,0.132913,-0.0206513
8.975,0.394464,0.132558,-0.0212554
8.9875,0.395107,0.132254,-0.0217195
9.0,0.395739,0.132039,-0.0220044
9.0125,0.396406,0.131955,-0.0220989
9.025,0.39711,0.132027,-0.0220072
9.0375,0.397803,0.132236,-0.0217529
9.05,0.398445,0.132575,-0.0214523
9.0625,0.399077,0.133017,-0.0211522
9.075,0.399712,0.13351,-0.0208594
9.0875,0.400357,0.134029,-0.0205484
9.1,0.400994,0.134561,-0.0201741
9.1125,0.401545,0.135122,-0.0197154
9.125,0.402021,0.135733,-0.019173
9.1375,0.402449,0.136398,-0.0185612
9.15,0.402883,0.137103,-0.0178963
9.1625,0.403447,0.137874,-0.0172001
9.175,0.404185,0.138735,-0.0164975
9.1875,0.404951,0.139673,-0.0157823
9.2,0.405642,0.140666,-0.015063
9.2125,0.40631,0.141684,-0.0143554
9.225,0.40695,0.142719,-0.0136706
9.2375,0.407565,0.143781,-0.0130088
9.25,0.408172,0.144889,-0.0123736
9.2625,0.408781,0.146086,-0.011734
9.275,0.409391,0.147408,-0.0110445
9.2875,0.410003,0.148885,-0.0102999
9.3,0.410635,0.150418,-0.00953058
9.3125,0.41133,0.151844,-0.00877838
9.325,0.412094,0.153148,-0.00805123
9.3375,0.412935,0.154336,-0.0073077
9.35,0.413873,0.155432,-0.00651354
9.3625,0.414884,0.156487,-0.00564289
9.375,0.415959,0.15759,-0.00467822
9.3875,0.417115,0.1588,-0.00360887
9.4,0.418351,0.160116,-0.00245128
9.4125,0.419649,0.1615,-0.00122517
9.425,0.421004,0.162951,5.89061e-05
9.4375,0.422403,0.164498,0.00137801
9.45,0.423762,0.166149,0.00271159
9.4625,0.424971,0.167885,0.00406227
9.475,0.425995,0.169668,0.00543814
9.4875,0.426912,0.171457,0.00682926
9.5,0.427782,0.17321,0.0082039
9.5125,0.428637,0.174903,0.00953172
9.525,0.429512,0.176528,0.0107986
9.5375,0.430392,0.178075,0.0120325
9.55,0.431286,0.17954,0.013267
9.5625,0.432195,0.180908,0.0144998
9.575,0.433098,0.18218,0.0157246
9.5875,0.43399,0.183359,0.0169532
9.6,0.434851,0.184444,0.0182042
9.6125,0.435683,0.185454,0.0194997
9.625,0.436525,0.186434,0.0208612
9.6375,0.437387,0.187404,0.0222856
9.65,0.438243,0.188349,0.0237145
9.6625,0.439078,0.189241,0.0250804
9.675,0.439856,0.190053,0.0263486
9.6875,0.440564,0.190767,0.0275174
9.7,0.441209,0.191377,0.0285767
9.7125,0.441804,0.191878,0.0295106
9.725,0.442381,0.192267,0.0303246
9.7375,0.442939,0.192545,0.0310457
9.75,0.443515,0.19271,0.0317249
9.7625,0.444068,0.192768,0.0323702
9.775,0.444529,0.192724,0.0329679
9.7875,0.444921,0.192594,0.0335209
9.8,0.445287,0.192372,0.0340796
9.8125,0.445631,0.192078,0.0346815
9.825,0.445949,0.191803,0.035315
9.8375,0.446256,0.191581,0.0359556
9.85,0.446511,0.191396,0.0365565
9.8625,0.446665,0.191223,0.0370386
9.875,0.446701,0.19103,0.0373692
9.8875,0.446688,0.190768,0.0375601
9.9,0.446676,0.190402,0.0376406
9.9125,0.446666,0.189909,0.0376419
9.925,0.446653,0.189299,0.0375983
9.9375,0.446634,0.188606,0.0375344
9.95,0.4466,0.18787,0.0374266
9.9625,0.446541,0.187118,0.0372525
9.975,0.446472,0.186363,0.0370259
9.9875,0.446417,0.185607,0.0367242
10.0,0.446367,0.184855,0.0363329
10.0125,0.446289,0.184111,0.035864
10.025,0.446184,0.183364,0.0353228
10.0375,0.446061,0.182597,0.0347268
10.05,0.445901,0.181804,0.0340794
10.0625,0.4457,0.181002,0.033363
10.075,0.445455,0.180208,0.0325813
10.0875,0.44516,0.179434,0.0317446
10.1,0.444856,0.178695,0.0308546
10.1125,0.444514,0.177978,0.0299148
10.125,0.44409,0.177249,0.0289094
10.1375,0.443588,0.176462,0.0278037
10.15,0.443065,0.175584,0.026564
10.1625,0.442554,0.174609,0.0251848
10.175,0.442005,0.173534,0.0236946
10.1875,0.441358,0.172357,0.022151
10.2,0.440628,0.171076,0.0205978
10.2125,0.43985,0.169718,0.0190551
10.225,0.439112,0.168336,0.0175232
10.2375,0.438501,0.166964,0.0159885
10.25,0.438047,0.165592,0.0144345
10.2625,0.437677,0.164208,0.012863
10.275,0.437397,0.162832,0.011286
10.2875,0.437244,0.161494,0.00971811
10.3,0.437156,0.160207,0.00815732
10.3125,0.437146,0.158973,0.00660424
10.325,0.43724,0.157813,0.0050984
10.3375,0.437399,0.156736,0.0037008
10.35,0.437551,0.155773,0.00245896
10.3625,0.437699,0.154961,0.00138579
10.375,0.437826,0.154327,0.000486346
10.3875,0.437927,0.153897,-0.000242756
10.4,0.438,0.153663,-0.000814692
10.4125,0.437981,0.153583,-0.00125048
10.425,0.437935,0.153596,-0.00157014
10.4375,0.437907,0.153637,-0.00179111
10.45,0.437882,0.153684,-0.00193682
10.4625,0.437878,0.153742,-0.00201782
10.475,0.437954,0.153802,-0.00204827
10.4875,0.438067,0.153856,-0.0020601
10.5,0.438211,0.153905,-0.00209693
10.5125,0.438445,0.153949,-0.0021899
10.525,0.438721,0.153988,-0.00234472
10.5375,0.438978,0.15402,-0.00253674
10.55,0.439225,0.154071,-0.00274372
10.5625,0.439519,0.15418,-0.00295561
10.575,0.439852,0.154378,-0.00316759
10.5875,0.440212,0.154684,-0.00337005
10.6,0.440573,0.155094,-0.00354409
10.6125,0.440926,0.155582,-0.00365795
10.625,0.44125,0.15615,-0.00369963
10.6375,0.441548,0.156815,-0.00366448
10.65,0.441843,0.157563,-0.00355467
10.6625,0.442135,0.158375,-0.00334855
10.675,0.442443,0.159243,-0.00298664
10.6875,0.442757,0.160185,-0.00247245
10.7,0.443082,0.161166,-0.0019088
10.7125,0.443392,0.162109,-0.00137756
10.725,0.443697,0.16298,-0.000897837
10.7375,0.444045,0.163776,-0.000463942
10.75,0.444442,0.164499,-7.03791e-05
10.7625,0.444884,0.165167,0.000290159
10.775,0.445366,0.165819,0.000617538
10.7875,0.445879,0.166476,0.000914591
10.8,0.446417,0.167133,0.00120255
10.8125,0.446983,0.167778,0.0015141
10.825,0.447592,0.168417,0.00188918
10.8375,0.44826,0.169075,0.00233685
10.85,0.448989,0.169774,0.00285502
10.8625,0.449806,0.170521,0.00344299
10.875,0.450671,0.171315,0.00411092
10.8875,0.451558,0.172148,0.0048633
10.9,0.452494,0.172991,0.00567847
10.9125,0.453504,0.173822,0.00652905
10.925,0.454616,0.174652,0.00742108
10.9375,0.455835,0.175523,0.00839762
10.95,0.457096,0.176471,0.00949918
10.9625,0.458358,0.177493,0.0107404
10.975,0.459594,0.178586,0.0121172
10.9875,0.460789,0.179744,0.0135995
11.0,0.461959,0.180972,0.0151501
11.0125,0.463102,0.182285,0.0167921
11.025,0.464185,0.183673,0.0185561
11.0375,0.465185,0.185073,0.0203886
11.05,0.466107,0.186434,0.0222157
11.0625,0.466977,0.18773,0.024019
11.075,0.467841,0.188973,0.0257889
11.0875,0.468684,0.190181,0.0275278
11.1,0.469518,0.191349,0.0292486
11.1125,0.470322,0.192479,0.0309653
11.125,0.471079,0.193582,0.0326785
11.1375,0.471801,0.194668,0.034392
11.15,0.472509,0.195752,0.0361107
11.1625,0.473235,0.196854,0.0378333
11.175,0.473948,0.197973,0.0395179
11.1875,0.47462,0.199077,0.0411006
11.2,0.475256,0.200131,0.0425436
11.2125,0.47581,0.201107,0.0437997
11.225,0.476263,0.201989,0.044873
11.2375,0.47664,0.202759,0.0457659
11.25,0.476954,0.203387,0.0464715
11.2625,0.477231,0.20383,0.0469995
11.275,0.477466,0.204064,0.0473523
11.2875,0.477636,0.204083,0.0475313
11.3,0.477724,0.20387,0.0475525
11.3125,0.477744,0.203434,0.0473947
11.325,0.477717,0.2028,0.0470821
11.3375,0.477685,0.201996,0.0466711
11.35,0.477673,0.201097,0.0462137
11.3625,0.477668,0.200207,0.0457147
11.375,0.477637,0.199334,0.0451903
11.3875,0.477561,0.198471,0.0446647
11.4,0.477449,0.197605,0.0440811
11.4125,0.477287,0.196716,0.0434006
11.425,0.47709,0.19579,0.042657
11.4375,0.47688,0.194833,0.041898
11.45,0.476648,0.193853,0.0411626
11.4625,0.476381,0.192866,0.0404577
11.475,0.476077,0.191886,0.0397848
11.4875,0.475762,0.190896,0.0391159
11.5,0.475459,0.189842,0.0383908
11.5125,0.475179,0.188692,0.0375797
11.525,0.474911,0.187438,0.0367038
11.5375,0.474626,0.186096,0.0358035
11.55,0.4743,0.184709,0.0349134
11.5625,0.473937,0.183308,0.0340423
11.575,0.473552,0.181918,0.0331906
11.5875,0.473128,0.180557,0.0323631
11.6,0.472583,0.179251,0.0315549
11.6125,0.471829,0.178009,0.030734
11.625,0.470928,0.176805,0.0298713
11.6375,0.470064,0.1756,0.0289485
11.65,0.469369,0.174363,0.0279491
11.6625,0.46882,0.173098,0.026879
11.675,0.46836,0.171831,0.0257672
11.6875,0.467964,0.170591,0.0246313
11.7,0.467549,0.169397,0.0234745
11.7125,0.46708,0.168253,0.0222986
11.725,0.466597,0.167148,0.0211279
11.7375,0.466172,0.16608,0.0200065
11.75,0.465881,0.165063,0.0189303
11.7625,0.465758,0.164124,0.0179069
11.775,0.465799,0.163283,0.0169559
11.7875,0.465945,0.162542,0.016067
11.8,0.466147,0.161885,0.0152264
11.8125,0.466437,0.161309,0.014424
11.825,0.466827,0.160817,0.0136664
11.8375,0.467266,0.160409,0.0129417
11.85,0.467707,0.160085,0.0122319
11.8625,0.468161,0.159854,0.0115483
11.875,0.468701,0.159718,0.0109066
11.8875,0.469325,0.159693,0.0102952
11.9,0.469964,0.159776,0.0096778
11.9125,0.470603,0.159919,0.00905009
11.925,0.471216,0.160076,0.00843189
11.9375,0.471806,0.160234,0.0078488
11.95,0.472419,0.160418,0.00732057
11.9625,0.473129,0.160648,0.0068478
11.975,0.473904,0.160943,0.00642064
11.9875,0.474638,0.161302,0.00602762
12.0,0.47526,0.161704,0.00566796
12.0125,0.475804,0.162152,0.00537004
12.025,0.476373,0.162658,0.00516144
12.0375,0.476962,0.163225,0.00505416
12.05,0.477556,0.163872,0.00505686
12.0625,0.47813,0.164593,0.00510437
12.075,0.478649,0.165337,0.00514078
12.0875,0.479116,0.166064,0.00512207
12.1,0.479554,0.166758,0.00503617
12.1125,0.480003,0.167409,0.00489188
12.125,0.480474,0.16803,0.0047148
12.1375,0.480969,0.168636,0.00454549
12.15,0.481519,0.169231,0.00441116
12.1625,0.482199,0.169816,0.00432676
12.175,0.483019,0.170397,0.00431798
12.1875,0.48393,0.171004,0.00441597
12.2,0.484921,0.171671,0.00463322
12.2125,0.485986,0.172405,0.00496226
12.225,0.487109,0.173218,0.00541385
12.2375,0.488293,0.17413,0.00599269
12.25,0.489554,0.175152,0.0066875
12.2625,0.490893,0.176294,0.00750452
12.275,0.492258,0.17757,0.00845253
12.2875,0.493618,0.178978,0.00951625
12.3,0.49497,0.180501,0.0107177
12.3125,0.496321,0.182154,0.0121134
12.325,0.497649,0.183965,0.0136484
12.3375,0.498935,0.185836,0.0152336
12.35,0.500164,0.187672,0.0168375
12.3625,0.501361,0.189415,0.0184447
12.375,0.502559,0.191048,0.0200559
12.3875,0.503752,0.192587,0.0216645
12.4,0.504894,0.194064,0.0232507
12.4125,0.505948,0.195482,0.0248156
12.425,0.506941,0.196803,0.0263349
12.4375,0.507866,0.197988,0.0277805
12.45,0.508667,0.199017,0.0291375
12.4625,0.509298,0.199883,0.0304258
12.475,0.509838,0.200609,0.0316875
12.4875,0.510423,0.20125,0.0329347
12.5,0.511094,0.201865,0.0341761
12.5125,0.511816,0.202483,0.0353963
12.525,0.512566,0.203073,0.0365498
12.5375,0.51328,0.203614,0.0376223
12.55,0.513889,0.204134,0.0386307
12.5625,0.514406,0.204673,0.039611
12.575,0.514903,0.20525,0.0405733
12.5875,0.51544,0.205855,0.0415127
12.6,0.516042,0.206474,0.0424333
12.6125,0.516695,0.207095,0.0433447
12.625,0.517361,0.207697,0.0442565
12.6375,0.518003,0.208272,0.0451788
12.65,0.518607,0.208826,0.0461239
12.6625,0.519204,0.209363,0.0470931
12.675,0.519809,0.209878,0.0480698
12.6875,0.520381,0.210367,0.0490433
12.7,0.52092,0.210832,0.0499929
12.7125,0.521441,0.21128,0.050901
12.725,0.521931,0.211704,0.0517727
12.7375,0.522386,0.212092,0.0526285
12.75,0.52281,0.212457,0.0534925
12.7625,0.523206,0.212797,0.0543542
12.775,0.523563,0.213079,0.0551838
12.7875,0.523885,0.213264,0.0559774
12.8,0.524154,0.21333,0.0567546
12.8125,0.524367,0.213298,0.0575226
12.825,0.524557,0.213195,0.0582696
12.8375,0.524719,0.213048,0.0589622
12.85,0.524868,0.212854,0.0595787
12.8625,0.525005,0.212582,0.0601114
12.875,0.525096,0.212195,0.0605559
12.8875,0.525121,0.211678,0.0609192
12.9,0.525098,0.211039,0.0612091
12.9125,0.52504,0.210334,0.0614302
12.925,0.524936,0.2096,0.0615816
12.9375,0.524783,0.208842,0.0616351
12.95,0.524602,0.208068,0.061584
12.9625,0.52442,0.20728,0.061458
12.975,0.524241,0.206446,0.0612459
12.9875,0.524018,0.205539,0.0609205
13.0,0.523693,0.204528,0.0604368
13.0125,0.523264,0.203395,0.0597493
13.025,0.522791,0.202177,0.0588458
13.0375,0.522326,0.200921,0.0578082
13.05,0.521899,0.199683,0.0567304
13.0625,0.521525,0.198504,0.0556482
13.075,0.521216,0.19739,0.0545748
13.0875,0.52098,0.196335,0.0534991
13.1,0.520756,0.195345,0.0524108
13.1125,0.520506,0.194417,0.0513256
13.125,0.520259,0.193544,0.0502547
13.1375,0.520057,0.192723,0.0492075
13.15,0.519908,0.191957,0.0481826
13.1625,0.519778,0.191242,0.0471732
13.175,0.519634,0.190562,0.0461621
13.1875,0.519471,0.189904,0.0451365
13.2,0.519287,0.189264,0.0440901
13.2125,0.519085,0.188623,0.0430232
13.225,0.5189,0.187966,0.0419507
13.2375,0.518759,0.187302,0.0408919
13.25,0.518646,0.186647,0.0398583
13.2625,0.518532,0.186005,0.0388436
13.275,0.518398,0.18538,0.0378308
13.2875,0.518239,0.184773,0.0368102
13.3,0.518056,0.184186,0.0357831
13.3125,0.517868,0.183632,0.034759
13.325,0.517717,0.183116,0.0337501
13.3375,0.517628,0.182642,0.0327615
13.35,0.517602,0.182229,0.0317918
13.3625,0.517626,0.181896,0.030842
13.375,0.517676,0.181648,0.0299181
13.3875,0.517747,0.181475,0.02903
13.4,0.51785,0.181358,0.0281845
13.4125,0.517997,0.181293,0.0273788
13.425,0.518185,0.181285,0.0265895
13.4375,0.518402,0.181336,0.0258103
13.45,0.518638,0.181438,0.0250515
13.4625,0.518887,0.181578,0.0243234
13.475,0.519149,0.181744,0.0236374
13.4875,0.51941,0.181939,0.0230044
13.5,0.519659,0.182166,0.0224269
13.5125,0.519904,0.182428,0.0218958
13.525,0.520176,0.18272,0.0214168
13.5375,0.520493,0.183034,0.0209966
13.55,0.520859,0.183364,0.0206396
13.5625,0.521258,0.183708,0.0203426
13.575,0.521674,0.184074,0.0200963
13.5875,0.522086,0.184464,0.019902
13.6,0.522468,0.184876,0.0197607
13.6125,0.522811,0.185307,0.0196694
13.625,0.523122,0.185752,0.0196172
13.6375,0.523419,0.1862,0.0196008
13.65,0.523718,0.186644,0.0196237
13.6625,0.524016,0.187087,0.0196837
13.675,0.524303,0.187535,0.0197809
13.6875,0.52457,0.18799,0.0199205
13.7,0.52481,0.188449,0.0201082
13.7125,0.525027,0.188911,0.0203439
13.725,0.525227,0.189374,0.0206222
13.7375,0.525421,0.189844,0.0209315
13.75,0.525613,0.190326,0.0212564
13.7625,0.525808,0.190831,0.0215861
13.775,0.526028,0.191366,0.0219152
13.7875,0.526288,0.191924,0.0222431
13.8,0.526599,0.192499,0.0225731
13.8125,0.526963,0.19308,0.0229127
13.825,0.527377,0.193657,0.02327
13.8375,0.527839,0.194221,0.0236451
13.85,0.528323,0.194774,0.0240341
13.8625,0.528806,0.195316,0.0244382
13.875,0.529272,0.195847,0.0248676
13.8875,0.52973,0.19637,0.0253368
13.9,0.530184,0.196893,0.0258534
13.9125,0.530623,0.197423,0.0264174
13.925,0.531029,0.19796,0.0270259
13.9375,0.53137,0.198497,0.0276815
13.95,0.531597,0.199024,0.0283931
13.9625,0.531682,0.199536,0.0291699
13.975,0.531611,0.200031,0.0300155
13.9875,0.531412,0.200498,0.0309389
14.0,0.531163,0.20093,0.0319401
14.0125,0.530955,0.201324,0.0329763
14.025,0.530809,0.201675,0.0340095
14.0375,0.530686,0.201979,0.0350133
14.05,0.53054,0.202232,0.0359719
14.0625,0.530351,0.20243,0.0368824
14.075,0.530136,0.202577,0.037756
14.0875,0.529891,0.202668,0.0386017
14.1,0.529641,0.202701,0.039425
14.1125,0.529402,0.202681,0.0402314
14.125,0.529172,0.202619,0.0410264
14.1375,0.528955,0.202518,0.041817
14.15,0.528728,0.202373,0.0426073
14.1625,0.528487,0.202187,0.0433886
14.175,0.528247,0.201964,0.0441446
14.1875,0.528033,0.201708,0.0448562
14.2,0.527858,0.20142,0.0455077
14.2125,0.52771,0.201093,0.046088
14.225,0.527579,0.200729,0.0465893
14.2375,0.527456,0.200342,0.0470157
14.25,0.527346,0.199937,0.0473784
14.2625,0.527243,0.199513,0.0476884
14.275,0.527142,0.199074,0.047951
14.2875,0.52704,0.198627,0.0481683
14.3,0.526944,0.198181,0.048339
14.3125,0.526841,0.197734,0.04846
14.325,0.526717,0.197277,0.0485282
14.3375,0.526577,0.196792,0.0485386
14.35,0.526441,0.196267,0.0484936
14.3625,0.526329,0.19572,0.0484044
14.375,0.526248,0.195173,0.0482867
14.3875,0.526199,0.194637,0.0481539
14.4,0.526167,0.194105,0.0480131
14.4125,0.526134,0.193571,0.0478662
14.425,0.526096,0.193037,0.0477107
14.4375,0.526061,0.192521,0.0475436
14.45,0.526041,0.192025,0.0473623
14.4625,0.526048,0.191538,0.047167
14.475,0.526079,0.191051,0.0469564
14.4875,0.526123,0.190566,0.0467251
14.5,0.526178,0.190088,0.0464674
14.5125,0.526257,0.189623,0.0461783
14.525,0.526358,0.189179,0.0458547
14.5375,0.526469,0.18876,0.0455001
14.55,0.526583,0.188366,0.0451237
14.5625,0.526703,0.187996,0.0447318
14.575,0.526845,0.187651,0.0443225
14.5875,0.527016,0.187333,0.0438909
14.6,0.527204,0.187049,0.0434353
14.6125,0.527413,0.186797,0.0429618
14.625,0.52764,0.186568,0.0424805
14.6375,0.527879,0.186363,0.0419986
14.65,0.528117,0.18619,0.0415182
14.6625,0.528352,0.186063,0.041036
14.675,0.528589,0.185991,0.0405468
14.6875,0.528825,0.185967,0.0400475
14.7,0.529047,0.185983,0.0395371
14.7125,0.529243,0.186033,0.0390191
14.725,0.529417,0.186117,0.0385027
14.7375,0.529567,0.186233,0.0379961
14.75,0.529696,0.186374,0.0375019
14.7625,0.52982,0.186542,0.0370195
14.775,0.529946,0.186735,0.0365482
14.7875,0.53007,0.186948,0.0360896
14.8,0.5302,0.187177,0.0356453
14.8125,0.530334,0.187419,0.0352161
14.825,0.530468,0.187674,0.0348007
14.8375,0.530602,0.18794,0.0343975
14.85,0.530732,0.188213,0.0340053
14.8625,0.530865,0.188495,0.0336211
14.875,0.531007,0.18879,0.0332393
14.8875,0.531165,0.1891,0.0328552
14.9,0.531345,0.189422,0.032465
14.9125,0.531537,0.189753,0.0320656
14.925,0.531724,0.190088,0.0316553
14.9375,0.531897,0.190421,0.0312303
14.95,0.532046,0.190752,0.0307858
14.9625,0.532166,0.191085,0.0303241
14.975,0.532266,0.191426,0.0298571
14.9875,0.532353,0.191778,0.0293971
15.0,0.532434,0.192145,0.0289577
15.0125,0.532516,0.192531,0.0285489
15.025,0.532597,0.192938,0.0281765
15.0375,0.532674,0.193362,0.0278429
15.05,0.532752,0.193793,0.0275498
15.0625,0.532824,0.194226,0.027298
15.075,0.532897,0.194661,0.0270885
15.0875,0.532978,0.195104,0.0269244
15.1,0.533047,0.195549,0.0268134
15.1125,0.5331,0.19599,0.0267588
15.125,0.533137,0.196419,0.0267583
15.1375,0.53316,0.196833,0.0268056
15.15,0.533176,0.197229,0.0268962
15.1625,0.533194,0.197607,0.0270321
15.175,0.533219,0.197965,0.0272174
15.1875,0.533242,0.198302,0.0274533
15.2,0.53326,0.198617,0.0277367
15.2125,0.53327,0.198908,0.0280597
15.225,0.533269,0.199175,0.0284114
15.2375,0.533257,0.199417,0.0287821
15.25,0.533232,0.199628,0.0291645
15.2625,0.533194,0.199804,0.0295542
15.275,0.533143,0.199944,0.0299509
15.2875,0.533078,0.200054,0.0303556
15.3,0.532994,0.200138,0.0307677
15.3125,0.532888,0.200198,0.0311854
15.325,0.532767,0.200232,0.0316059
15.3375,0.532639,0.200237,0.0320257
15.35,0.532509,0.200215,0.0324403
15.3625,0.53238,0.200173,0.0328443
15.375,0.532258,0.200117,0.0332343
15.3875,0.532147,0.20005,0.0336089
15.4,0.532047,0.199971,0.0339665
15.4125,0.531948,0.199877,0.034306
15.425,0.531842,0.199765,0.0346293
15.4375,0.531722,0.199632,0.0349411
15.45,0.531589,0.199477,0.0352468
15.4625,0.531446,0.199302,0.0355485
15.475,0.531303,0.199105,0.0358454
15.4875,0.531164,0.198886,0.0361344
15.5,0.531026,0.198644,0.0364111
15.5125,0.530887,0.198379,0.0366729
15.525,0.530748,0.198091,0.0369208
15.5375,0.530604,0.197778,0.0371585
15.55,0.530448,0.197438,0.0373907
15.5625,0.530274,0.197072,0.0376211
15.575,0.530078,0.19668,0.0378501
15.5875,0.529863,0.196265,0.0380779
15.6,0.529635,0.195833,0.0383052
15.6125,0.529399,0.195387,0.0385326
15.625,0.529157,0.194928,0.0387594
15.6375,0.528917,0.194456,0.0389837
15.65,0.528685,0.193973,0.0392024
15.6625,0.528465,0.193484,0.0394128
15.675,0.528261,0.192993,0.0396128
15.6875,0.528077,0.192505,0.0398008
15.7,0.527913,0.19202,0.0399736
15.7125,0.527764,0.191545,0.0401285
15.725,0.52763,0.19108,0.0402628
15.7375,0.527509,0.190625,0.0403728
15.75,0.527395,0.19018,0.0404566
15.7625,0.527281,0.189753,0.0405138
15.775,0.527167,0.189348,0.0405466
15.7875,0.527047,0.188962,0.0405592
15.8,0.526924,0.188593,0.0405562
15.8125,0.526813,0.188238,0.0405393
15.825,0.526725,0.187898,0.0405093
15.8375,0.526666,0.187581,0.0404653
15.85,0.526626,0.187294,0.0404072
15.8625,0.526585,0.187037,0.040337
15.875,0.526535,0.186804,0.0402583
15.8875,0.52648,0.18659,0.0401772
15.9,0.526426,0.186394,0.0400962
15.9125,0.526381,0.186218,0.0400127
15.925,0.526347,0.18606,0.0399238
15.9375,0.526327,0.185919,0.0398277
15.95,0.526327,0.18579,0.0397226
15.9625,0.526348,0.185676,0.0396069
15.975,0.526389,0.185575,0.0394811
15.9875,0.526443,0.185487,0.0393458
16.0,0.526501,0.185419,0.0392021
16.01,0.526545,0.185385,0.0390821
16.02,0.526584,0.185372,0.0389586
16.03,0.526624,0.185375,0.0388324
16.04,0.526672,0.185394,0.0387049
16.05,0.526727,0.18543,0.0385775
16.06,0.526791,0.185488,0.0384525
16.07,0.526863,0.185568,0.0383325
16.08,0.526942,0.185669,0.0382195
16.09,0.52703,0.185786,0.0381141
16.1,0.527129,0.185917,0.0380148
16.11,0.527241,0.186062,0.0379189
16.12,0.527368,0.186222,0.0378234
16.13,0.527508,0.1864,0.0377257
16.14,0.527659,0.186598,0.0376244
16.15,0.527819,0.186818,0.03752
16.16,0.52799,0.18706,0.0374143
16.17,0.528173,0.187322,0.0373097
16.18,0.528368,0.187602,0.0372086
16.19,0.528576,0.187899,0.0371119
16.2,0.528794,0.18821,0.0370194
16.21,0.529018,0.188533,0.0369305
16.22,0.529242,0.188866,0.0368443
16.23,0.52946,0.189205,0.0367603
16.24,0.529671,0.189549,0.0366783
16.25,0.529874,0.189898,0.036599
16.26,0.530071,0.190253,0.0365224
16.27,0.530266,0.190614,0.0364476
16.28,0.530459,0.190979,0.0363733
16.29,0.530652,0.191349,0.036298
16.3,0.530844,0.191724,0.0362201
16.31,0.531039,0.192103,0.0361384
16.32,0.53124,0.192488,0.0360524
16.33,0.531446,0.192876,0.0359626
16.34,0.531656,0.193266,0.0358695
16.35,0.531865,0.193656,0.0357736
16.36,0.532072,0.194045,0.0356753
16.37,0.532273,0.194432,0.0355753
16.38,0.532465,0.194814,0.0354746
16.39,0.532645,0.195191,0.0353746
16.4,0.532813,0.195563,0.0352774
16.41,0.532975,0.19593,0.0351862
16.42,0.533132,0.196293,0.0351038
16.43,0.533285,0.196653,0.0350324
16.44,0.533434,0.197013,0.0349725
16.45,0.53358,0.197373,0.0349238
16.46,0.533726,0.197732,0.0348852
16.47,0.53387,0.198087,0.0348552
16.48,0.534007,0.198441,0.0348317
16.49,0.534135,0.198791,0.0348128
16.5,0.534256,0.199136,0.0347969
16.51,0.534368,0.199473,0.034782
16.52,0.534466,0.199799,0.0347665
16.53,0.534552,0.200113,0.0347492
16.54,0.534629,0.200416,0.0347288
16.55,0.534702,0.200707,0.0347041
16.56,0.534775,0.200984,0.0346745
16.57,0.534849,0.201248,0.034639
16.58,0.534922,0.201496,0.0345969
16.59,0.534995,0.201729,0.0345477
16.6,0.535063,0.201947,0.0344919
16.61,0.535118,0.202145,0.0344305
16.62,0.535158,0.202324,0.0343653
16.63,0.535182,0.202483,0.0342985
16.64,0.535192,0.202621,0.0342323
16.65,0.535191,0.202739,0.0341678
16.66,0.535178,0.202838,0.0341044
16.67,0.535156,0.202919,0.0340409
16.68,0.535123,0.202981,0.0339757
16.69,0.535078,0.203024,0.0339071
16.7,0.535019,0.203047,0.0338349
16.71,0.534945,0.203049,0.0337602
16.72,0.534856,0.203029,0.0336848
16.73,0.534752,0.202985,0.033611
16.74,0.534636,0.202918,0.0335413
16.75,0.534507,0.202826,0.0334783
16.76,0.534367,0.20271,0.0334237
16.77,0.534215,0.202568,0.0333789
16.78,0.534053,0.202402,0.0333443
16.79,0.533881,0.202211,0.033321
16.8,0.533699,0.201995,0.0333098
16.81,0.533506,0.201756,0.0333117
16.82,0.533304,0.201495,0.0333275
16.83,0.533093,0.201213,0.033357
16.84,0.532871,0.200914,0.0333996
16.85,0.53264,0.200597,0.0334543
16.86,0.532406,0.200262,0.0335202
16.87,0.532173,0.199909,0.0335969
16.88,0.53194,0.199537,0.033684
16.89,0.531708,0.199145,0.0337805
16.9,0.531474,0.198733,0.0338847
16.91,0.53124,0.198301,0.033994
16.92,0.531003,0.197852,0.0341054
16.93,0.530759,0.197387,0.0342161
16.94,0.53051,0.196908,0.0343236
16.95,0.530259,0.196419,0.0344262
16.96,0.530009,0.195922,0.034523
16.97,0.529764,0.19542,0.0346136
16.98,0.529528,0.194915,0.0346977
16.99,0.529302,0.194407,0.0347758
17.0,0.529086,0.193901,0.0348488
17.01,0.52888,0.193396,0.0349181
17.02,0.528684,0.192894,0.0349851
17.03,0.528494,0.192396,0.0350509
17.04,0.528307,0.191904,0.0351155
17.05,0.528117,0.191417,0.0351792
17.06,0.527924,0.190935,0.0352424
17.07,0.527728,0.190456,0.0353058
17.08,0.527535,0.18998,0.0353692
17.09,0.527351,0.189505,0.0354334
17.1,0.527173,0.189033,0.0354998
17.11,0.526993,0.188563,0.0355695
17.12,0.526823,0.188096,0.0356433
17.13,0.526671,0.187633,0.0357203
17.14,0.526525,0.187177,0.0357995
17.15,0.526371,0.186727,0.0358809
17.16,0.526212,0.186287,0.0359647
17.17,0.526058,0.185863,0.0360508
17.18,0.525915,0.185454,0.0361388
17.19,0.525783,0.185057,0.0362283
17.2,0.525659,0.184673,0.0363184
17.21,0.525545,0.184303,0.0364084
17.22,0.525439,0.183945,0.0364983
17.23,0.525338,0.183604,0.0365889
17.24,0.525239,0.183287,0.0366817
17.25,0.525137,0.182998,0.0367781
17.26,0.525036,0.18274,0.0368796
17.27,0.524945,0.182509,0.0369869
17.28,0.524872,0.182303,0.0371007
17.29,0.524815,0.182121,0.0372206
17.3,0.524771,0.181965,0.0373451
17.31,0.524738,0.181835,0.0374722
17.32,0.524719,0.181734,0.0375994
17.33,0.524718,0.181661,0.0377242
17.34,0.524729,0.181616,0.0378439
17.35,0.524748,0.181597,0.037956
17.36,0.524773,0.181603,0.0380579
17.37,0.524808,0.181634,0.0381475
17.38,0.524856,0.181692,0.0382236
17.39,0.52492,0.181777,0.0382859
17.4,0.525001,0.181889,0.0383345
17.41,0.525098,0.182028,0.0383696
17.42,0.525211,0.18219,0.0383921
17.43,0.525338,0.182375,0.0384029
17.44,0.525476,0.182583,0.0384028
17.45,0.525623,0.182811,0.0383927
17.46,0.525779,0.18306,0.0383739
17.47,0.525945,0.183331,0.0383479
17.48,0.526119,0.183625,0.0383166
17.49,0.526301,0.18394,0.0382822
17.5,0.526489,0.184276,0.0382467
17.51,0.526684,0.184632,0.0382121
17.52,0.526892,0.185005,0.0381796
17.53,0.527116,0.185395,0.03815
17.54,0.527355,0.185803,0.0381239
17.55,0.527602,0.186228,0.0381019
17.56,0.527848,0.186673,0.0380845
17.57,0.52809,0.187136,0.0380719
17.58,0.528328,0.187618,0.0380643
17.59,0.528567,0.188113,0.0380615
17.6,0.52881,0.188619,0.0380631
17.61,0.529058,0.189133,0.0380683
17.62,0.529309,0.189652,0.0380755
17.63,0.529561,0.190174,0.0380829
17.64,0.529814,0.190701,0.0380889
17.65,0.530068,0.191232,0.038092
17.66,0.530323,0.191766,0.0380916
17.67,0.530579,0.192303,0.0380873
17.68,0.530836,0.192842,0.0380793
17.69,0.531092,0.193381,0.0380684
17.7,0.531341,0.19392,0.038055
17.71,0.531581,0.19446,0.038039
17.72,0.531809,0.195,0.0380199
17.73,0.532027,0.195542,0.0379963
17.74,0.532241,0.196085,0.0379663
17.75,0.532453,0.196631,0.0379283
17.76,0.532662,0.197176,0.0378809
17.77,0.532871,0.19772,0.0378236
17.78,0.533085,0.198258,0.0377564
17.79,0.533307,0.198787,0.0376799
17.8,0.533537,0.199308,0.0375949
17.81,0.533772,0.19982,0.0375025
17.82,0.53401,0.200322,0.0374046
17.83,0.534249,0.200814,0.0373027
17.84,0.534487,0.201294,0.0371976
17.85,0.534724,0.20176,0.0370899
17.86,0.534959,0.202211,0.0369796
17.87,0.535188,0.202644,0.0368672
17.88,0.535406,0.203058,0.0367538
17.89,0.535612,0.203451,0.0366413
17.9,0.535801,0.203822,0.0365316
17.91,0.53597,0.204167,0.0364258
17.92,0.536119,0.204485,0.0363239
17.93,0.536248,0.204773,0.0362261
17.94,0.53636,0.20503,0.0361328
17.95,0.536458,0.205256,0.0360447
17.96,0.536544,0.20545,0.0359624
17.97,0.536619,0.205613,0.0358853
17.98,0.536683,0.205745,0.0358127
17.99,0.536734,0.205846,0.0357432
18.0,0.536773,0.205917,0.0356762
18.01,0.536796,0.205957,0.0356114
18.02,0.536803,0.205967,0.0355489
18.03,0.536791,0.205949,0.035489
18.04,0.536759,0.205904,0.035432
18.05,0.536707,0.205833,0.0353783
18.06,0.536637,0.205736,0.0353276
18.07,0.536551,0.205615,0.0352789
18.08,0.536454,0.205468,0.0352317
18.09,0.536349,0.205295,0.0351863
18.1,0.536238,0.205092,0.035143
18.11,0.536119,0.204858,0.0351025
18.12,0.535989,0.20459,0.0350656
18.13,0.535844,0.20429,0.0350328
18.14,0.535681,0.203958,0.0350036
18.15,0.5355,0.203598,0.0349772
18.16,0.535305,0.203215,0.0349519
18.17,0.535101,0.202813,0.0349263
18.18,0.534887,0.202391,0.0348996
18.19,0.534666,0.20195,0.0348715
18.2,0.534442,0.201488,0.0348423
18.21,0.534216,0.201006,0.0348121
18.22,0.533987,0.200507,0.0347806
18.23,0.533757,0.199993,0.0347471
18.24,0.533523,0.199465,0.0347115
18.25,0.533282,0.198924,0.0346736
18.26,0.533038,0.198374,0.0346343
18.27,0.532791,0.197815,0.0345943
18.28,0.532534,0.197249,0.0345549
18.29,0.53226,0.196678,0.0345173
18.3,0.531972,0.196102,0.0344823
18.31,0.531676,0.195521,0.0344501
18.32,0.53138,0.194936,0.0344212
18.33,0.531096,0.194349,0.0343958
18.34,0.530826,0.193763,0.0343742
18.35,0.530567,0.19318,0.0343569
18.36,0.530302,0.192599,0.0343437
18.37,0.530021,0.19202,0.0343343
18.38,0.529721,0.191442,0.0343283
18.39,0.529412,0.190867,0.0343251
18.4,0.529104,0.190301,0.0343244
18.41,0.528805,0.189746,0.034326
18.42,0.528513,0.189204,0.0343296
18.43,0.528231,0.188677,0.0343348
18.44,0.527959,0.188163,0.034341
18.45,0.527689,0.187661,0.0343481
18.46,0.52741,0.18717,0.0343561
18.47,0.52712,0.186694,0.0343652
18.48,0.526825,0.186236,0.0343754
18.49,0.526532,0.185797,0.0343857
18.5,0.526244,0.185376,0.0343949
18.51,0.525967,0.184972,0.0344027
18.52,0.525708,0.184583,0.0344095
18.53,0.525468,0.184212,0.0344157
18.54,0.525237,0.183858,0.0344222
18.55,0.525001,0.18352,0.0344296
18.56,0.524773,0.183196,0.0344382
18.57,0.524556,0.182885,0.0344484
18.58,0.524354,0.18259,0.0344607
18.59,0.524178,0.182321,0.0344755
18.6,0.524032,0.182085,0.0344929
18.61,0.523912,0.181884,0.0345124
18.62,0.523811,0.181714,0.0345334
18.63,0.52372,0.181566,0.0345559
18.64,0.523633,0.181436,0.0345806
18.65,0.523558,0.181324,0.0346082
18.66,0.523507,0.181235,0.0346394
18.67,0.523483,0.181174,0.0346746
18.68,0.523482,0.181137,0.0347144
18.69,0.523496,0.18112,0.0347594
18.7,0.523521,0.181117,0.0348101
18.71,0.523561,0.181127,0.0348669
18.72,0.523614,0.181155,0.03493
18.73,0.523682,0.181204,0.0349992
18.74,0.523767,0.181277,0.0350737
18.75,0.523868,0.181375,0.0351531
18.76,0.523982,0.1815,0.0352368
18.77,0.524108,0.181652,0.0353244
18.78,0.524245,0.181831,0.0354152
18.79,0.524393,0.182033,0.0355089
18.8,0.524552,0.182256,0.0356063
18.81,0.524721,0.182501,0.0357084
18.82,0.524904,0.18277,0.0358162
18.83,0.525103,0.183063,0.0359296
18.84,0.525316,0.183378,0.0360477
18.85,0.525537,0.183713,0.0361689
18.86,0.52577,0.184068,0.0362919
18.87,0.526014,0.184443,0.0364154
18.88,0.526269,0.184839,0.0365386
18.89,0.526535,0.185258,0.0366611
18.9,0.526812,0.185701,0.0367823
18.91,0.527098,0.186167,0.0369017
18.92,0.527391,0.186655,0.0370188
18.93,0.52769,0.18716,0.0371335
18.94,0.527994,0.18768,0.0372457
18.95,0.528301,0.188213,0.0373547
18.96,0.528609,0.188754,0.0374597
18.97,0.528919,0.189302,0.0375599
18.98,0.529231,0.189856,0.0376542
18.99,0.529546,0.190416,0.0377416
19.0,0.529867,0.190982,0.0378216
19.01,0.530193,0.191552,0.0378935
19.02,0.530523,0.192127,0.0379571
19.03,0.530855,0.192705,0.0380125
19.04,0.531187,0.193287,0.0380599
19.05,0.531518,0.19387,0.0380994
19.06,0.531848,0.194452,0.0381316
19.07,0.532172,0.195032,0.0381577
19.08,0.532482,0.195607,0.0381794
19.09,0.532773,0.196178,0.0381989
19.1,0.533044,0.196742,0.0382184
19.11,0.533302,0.197299,0.0382397
19.12,0.533554,0.197847,0.0382646
19.13,0.533806,0.198387,0.038294
19.14,0.534058,0.198913,0.0383287
19.15,0.534305,0.199423,0.0383683
19.16,0.534544,0.199917,0.0384119
19.17,0.534772,0.200396,0.0384584
19.18,0.534989,0.20086,0.0385071
19.19,0.535195,0.201309,0.0385572
19.2,0.535395,0.201743,0.0386067
19.21,0.535591,0.20216,0.0386538
19.22,0.535781,0.202559,0.0386982
19.23,0.535962,0.202937,0.0387395
19.24,0.53613,0.203294,0.0387773
19.25,0.536282,0.203629,0.0388114
19.26,0.536415,0.20394,0.0388416
19.27,0.536529,0.204223,0.0388673
19.28,0.53662,0.204479,0.0388879
19.29,0.536691,0.204707,0.0389031
19.3,0.536743,0.204911,0.0389128
19.31,0.536781,0.205093,0.038917
19.32,0.536809,0.20525,0.0389147
19.33,0.536825,0.20538,0.0389044
19.34,0.53683,0.205482,0.0388842
19.35,0.536822,0.205555,0.0388526
19.36,0.536799,0.205599,0.0388094
19.37,0.536763,0.205613,0.0387547
19.38,0.536708,0.205596,0.0386886
19.39,0.536636,0.205552,0.038612
19.4,0.536553,0.20548,0.0385259
19.41,0.536463,0.205381,0.0384316
19.42,0.536371,0.205255,0.0383303
19.43,0.536274,0.205105,0.0382235
19.44,0.536167,0.20493,0.0381122
19.45,0.536048,0.204734,0.0379964
19.46,0.535924,0.204516,0.0378755
19.47,0.535798,0.204277,0.0377486
19.48,0.535665,0.204017,0.0376148
19.49,0.535521,0.203735,0.0374738
19.5,0.535366,0.203433,0.037326
19.51,0.535193,0.203111,0.0371715
19.52,0.535002,0.20277,0.0370117
19.53,0.534796,0.202411,0.0368483
19.54,0.53458,0.202033,0.0366835
19.55,0.534358,0.201633,0.0365191
19.56,0.534132,0.201214,0.0363559
19.57,0.533903,0.200776,0.0361939
19.58,0.533672,0.200325,0.0360329
19.59,0.533441,0.199864,0.0358732
19.6,0.533208,0.199397,0.0357155
19.61,0.532971,0.198923,0.0355615
19.62,0.532728,0.198443,0.035412
19.63,0.53248,0.197955,0.0352678
19.64,0.532223,0.19746,0.0351289
19.65,0.53196,0.196959,0.0349954
19.66,0.531691,0.196453,0.0348677
19.67,0.531419,0.195943,0.0347461
19.68,0.531146,0.195432,0.034631
19.69,0.530872,0.194921,0.034522
19.7,0.530596,0.194412,0.0344181
19.71,0.530312,0.193905,0.0343177
19.72,0.530023,0.193401,0.0342191
19.73,0.529732,0.1929,0.0341207
19.74,0.529445,0.192401,0.0340214
19.75,0.529165,0.191904,0.0339208
19.76,0.528894,0.191407,0.033819
19.77,0.528632,0.190912,0.0337163
19.78,0.528382,0.190418,0.0336134
19.79,0.528138,0.189927,0.0335112
19.8,0.527893,0.189438,0.0334105
19.81,0.527645,0.188951,0.0333121
19.82,0.5274,0.18847,0.0332168
19.83,0.527159,0.187994,0.0331259
19.84,0.52693,0.187523,0.0330403
19.85,0.526716,0.187057,0.0329612
19.86,0.526514,0.186595,0.0328899
19.87,0.526324,0.186137,0.0328269
19.88,0.526144,0.185686,0.0327741
19.89,0.525974,0.185243,0.0327324
19.9,0.525816,0.184809,0.0327018
19.91,0.525671,0.184387,0.0326823
19.92,0.52554,0.18398,0.0326731
19.93,0.525425,0.183591,0.0326738
19.94,0.525324,0.183221,0.0326837
19.95,0.525234,0.182871,0.0327029
19.96,0.525155,0.182542,0.0327308
19.97,0.525089,0.182233,0.032767
19.98,0.525042,0.181948,0.0328106
19.99,0.52501,0.181688,0.032861
20.0,0.52499,0.181457,0.0329176
20.01,0.524981,0.181256,0.0329798
20.02,0.524981,0.181087,0.0330471
20.03,0.524993,0.180952,0.0331191
20.04,0.525017,0.180851,0.0331953
20.05,0.525052,0.180785,0.0332753
20.06,0.525099,0.180752,0.0333583
20.07,0.525156,0.180752,0.0334431
20.08,0.525222,0.180781,0.0335283
20.09,0.525293,0.180838,0.0336123
20.1,0.52537,0.180924,0.0336932
20.11,0.525455,0.181038,0.0337701
20.12,0.525549,0.181179,0.0338433
20.13,0.525653,0.181347,0.0339137
20.14,0.525761,0.18154,0.033983
20.15,0.525873,0.181758,0.0340529
20.16,0.525993,0.181999,0.0341253
20.17,0.526124,0.182263,0.0342015
20.18,0.526267,0.182544,0.0342819
20.19,0.52642,0.182843,0.0343671
20.2,0.526582,0.183159,0.0344572
20.21,0.526752,0.183491,0.0345527
20.22,0.526931,0.183842,0.0346542
20.23,0.527117,0.184213,0.0347626
20.24,0.527307,0.184605,0.0348786
20.25,0.527502,0.185018,0.0350031
20.26,0.527704,0.185451,0.0351362
20.27,0.527913,0.1859,0.0352776
20.28,0.52813,0.186364,0.0354266
20.29,0.528352,0.18684,0.0355829
20.3,0.528576,0.187326,0.0357464
20.31,0.528799,0.187821,0.0359169
20.32,0.529019,0.188324,0.0360939
20.33,0.529236,0.188833,0.0362768
20.34,0.529449,0.189349,0.0364648
20.35,0.52966,0.189875,0.0366567
20.36,0.52987,0.19041,0.0368512
20.37,0.530079,0.190958,0.0370464
20.38,0.53029,0.191516,0.0372405
20.39,0.530505,0.192084,0.037432
20.4,0.530721,0.192657,0.0376202
20.41,0.530934,0.193234,0.0378047
20.42,0.531143,0.193812,0.0379857
20.43,0.531351,0.19439,0.0381632
20.44,0.531561,0.194966,0.0383375
20.45,0.531777,0.195537,0.0385089
20.46,0.531998,0.196104,0.0386774
20.47,0.532221,0.196665,0.0388422
20.48,0.532442,0.197218,0.0390026
20.49,0.532657,0.197761,0.0391571
20.5,0.532866,0.198292,0.0393042
20.51,0.53307,0.19881,0.0394414
20.52,0.53327,0.199315,0.0395672
20.53,0.533464,0.199806,0.0396802
20.54,0.533651,0.20028,0.0397779
20.55,0.533831,0.200735,0.0398587
20.56,0.534003,0.201169,0.039923
20.57,0.534167,0.20158,0.039972
20.58,0.534325,0.201966,0.0400075
20.59,0.534477,0.202327,0.0400315
20.6,0.53462,0.202663,0.0400451
20.61,0.534752,0.202973,0.0400491
20.62,0.534874,0.203258,0.0400439
20.63,0.534985,0.203518,0.0400303
20.64,0.535087,0.203754,0.0400093
20.65,0.535179,0.203964,0.039982
20.66,0.53526,0.204148,0.0399491
20.67,0.535329,0.204305,0.0399114
20.68,0.535388,0.204434,0.0398698
20.69,0.53544,0.204537,0.0398255
20.7,0.535485,0.204612,0.0397793
20.71,0.535524,0.204661,0.0397317
20.72,0.535557,0.204683,0.0396828
20.73,0.535585,0.204681,0.0396322
20.74,0.535608,0.204658,0.0395793
20.75,0.535627,0.204616,0.0395236
20.76,0.535637,0.204557,0.0394649
20.77,0.535637,0.204485,0.0394024
20.78,0.535628,0.2044,0.0393345
20.79,0.535611,0.204305,0.0392597
20.8,0.535583,0.204198,0.0391767
20.81,0.535545,0.204078,0.0390844
20.82,0.535499,0.203943,0.0389822
20.83,0.535445,0.203791,0.0388698
20.84,0.535384,0.203622,0.0387479
20.85,0.535315,0.203435,0.0386171
20.86,0.535238,0.203229,0.0384781
20.87,0.535151,0.203005,0.0383313
20.88,0.535053,0.202761,0.0381776
20.89,0.534945,0.202497,0.0380172
20.9,0.534828,0.202212,0.0378501
20.91,0.534707,0.201908,0.0376763
20.92,0.534582,0.201584,0.0374964
20.93,0.534449,0.201241,0.0373117
20.94,0.534305,0.200879,0.0371239
20.95,0.534148,0.200498,0.0369345
20.96,0.533981,0.200098,0.0367444
20.97,0.533809,0.199677,0.0365547
20.98,0.533636,0.199237,0.0363663
20.99,0.533464,0.19878,0.0361802
21.0,0.533293,0.198306,0.0359973
21.01,0.533119,0.197819,0.0358185
21.02,0.532939,0.19732,0.0356441
21.03,0.532753,0.196811,0.035474
21.04,0.532559,0.196293,0.0353078
21.05,0.532357,0.195767,0.0351448
21.06,0.532147,0.195235,0.0349844
21.07,0.531935,0.194698,0.0348263
21.08,0.53172,0.194155,0.0346704
21.09,0.531505,0.193609,0.0345171
21.1,0.531288,0.193061,0.0343668
21.11,0.531069,0.192513,0.0342195
21.12,0.530842,0.191969,0.0340751
21.13,0.530604,0.191433,0.0339331
21.14,0.530359,0.190907,0.033793
21.15,0.530117,0.190391,0.0336545
21.16,0.529885,0.189885,0.0335173
21.17,0.529661,0.189389,0.0333821
21.18,0.529437,0.188905,0.0332497
21.19,0.529216,0.188433,0.0331218
21.2,0.528995,0.187974,0.033
21.21,0.528771,0.187526,0.0328857
21.22,0.528547,0.187086,0.0327805
21.23,0.528323,0.186657,0.0326845
21.24,0.528099,0.186239,0.0325968
21.25,0.527879,0.185835,0.0325166
21.26,0.527665,0.185445,0.0324428
21.27,0.527457,0.18507,0.0323738
21.28,0.527254,0.184709,0.0323091
21.29,0.527055,0.184362,0.0322492
21.3,0.526863,0.184028,0.0321942
21.31,0.526679,0.183709,0.0321441
21.32,0.526505,0.183409,0.0320987
21.33,0.52634,0.183132,0.0320578
21.34,0.526185,0.18288,0.0320216
21.35,0.526042,0.182653,0.0319904
21.36,0.525911,0.182451,0.0319649
21.37,0.525792,0.182272,0.0319464
21.38,0.525686,0.182116,0.0319361
21.39,0.525592,0.181984,0.0319351
21.4,0.525511,0.181878,0.0319443
21.41,0.525442,0.181801,0.0319641
21.42,0.525382,0.181756,0.031995
21.43,0.525333,0.181742,0.0320373
21.44,0.525295,0.181757,0.0320915
21.45,0.52527,0.181799,0.0321587
21.46,0.525258,0.181867,0.0322395
21.47,0.525258,0.181961,0.0323343
21.48,0.52527,0.18208,0.032443
21.49,0.525294,0.182225,0.0325658
21.5,0.525329,0.182394,0.0327019
21.51,0.525372,0.182587,0.0328497
21.52,0.525425,0.182804,0.0330073
21.53,0.525489,0.183042,0.0331736
21.54,0.525563,0.1833,0.0333475
21.55,0.525651,0.183576,0.0335278
21.56,0.525752,0.18387,0.0337128
21.57,0.525867,0.18418,0.0339014
21.58,0.525995,0.184506,0.0340923
21.59,0.526138,0.184848,0.034285
21.6,0.526294,0.185203,0.0344787
21.61,0.526462,0.185572,0.0346733
21.62,0.526643,0.185954,0.0348682
21.63,0.526833,0.186348,0.0350632
21.64,0.527032,0.186754,0.0352576
21.65,0.527236,0.187171,0.0354509
21.66,0.527446,0.1876,0.0356426
21.67,0.527661,0.188038,0.0358324
21.68,0.52788,0.188485,0.0360199
21.69,0.528104,0.188939,0.0362042
21.7,0.528332,0.1894,0.0363846
21.71,0.528564,0.189868,0.0365605
21.72,0.528799,0.190342,0.0367315
21.73,0.529037,0.19082,0.0368981
21.74,0.529275,0.191302,0.037061
21.75,0.529515,0.191788,0.0372216
21.76,0.529756,0.192276,0.0373809
21.77,0.529999,0.192765,0.0375399
21.78,0.530245,0.193252,0.0376989
21.79,0.530492,0.193737,0.0378579
21.8,0.530741,0.194219,0.0380161
21.81,0.530989,0.194698,0.0381725
21.82,0.531237,0.195175,0.038326
21.83,0.53148,0.195648,0.0384755
21.84,0.531718,0.196116,0.0386205
21.85,0.53195,0.19658,0.0387601
21.86,0.532182,0.197036,0.0388935
21.87,0.532414,0.197485,0.0390204
21.88,0.532643,0.197923,0.0391406
21.89,0.53287,0.198352,0.0392546
21.9,0.533093,0.198769,0.0393628
21.91,0.533309,0.199175,0.0394653
21.92,0.533514,0.19957,0.0395621
21.93,0.533708,0.199955,0.0396525
21.94,0.533894,0.20033,0.0397364
21.95,0.534076,0.200696,0.0398134
21.96,0.53426,0.201053,0.0398837
21.97,0.534445,0.201401,0.0399478
21.98,0.534628,0.201737,0.0400058
21.99,0.534805,0.202061,0.0400579
22.0,0.534968,0.202369,0.0401044
22.01,0.535117,0.20266,0.0401449
22.02,0.535249,0.202931,0.0401784
22.03,0.535367,0.20318,0.040204
22.04,0.53547,0.203406,0.0402207
22.05,0.53556,0.203608,0.0402278
22.06,0.53564,0.203785,0.0402246
22.07,0.535712,0.203937,0.0402112
22.08,0.535777,0.204061,0.0401878
22.09,0.535837,0.204159,0.0401542
22.1,0.53589,0.204232,0.0401096
22.11,0.535936,0.204279,0.0400535
22.12,0.535973,0.204303,0.0399851
22.13,0.535998,0.204305,0.0399043
22.14,0.536011,0.204284,0.0398119
22.15,0.53601,0.204243,0.0397092
22.16,0.535996,0.204184,0.0395984
22.17,0.535968,0.204107,0.0394813
22.18,0.535923,0.204009,0.0393594
22.19,0.535862,0.20389,0.0392333
22.2,0.535784,0.203746,0.0391026
22.21,0.535692,0.203578,0.0389669
22.22,0.535588,0.203385,0.0388258
22.23,0.535473,0.203168,0.0386794
22.24,0.535351,0.202928,0.0385282
22.25,0.53522,0.202667,0.0383729
22.26,0.535081,0.202385,0.0382144
22.27,0.534933,0.202086,0.0380538
22.28,0.534775,0.201768,0.0378915
22.29,0.534606,0.201432,0.0377276
22.3,0.534427,0.201077,0.0375618
22.31,0.534238,0.200701,0.0373936
22.32,0.534042,0.200305,0.0372228
22.33,0.53384,0.199892,0.0370496
22.34,0.533633,0.199464,0.0368741
22.35,0.53342,0.199024,0.0366968
22.36,0.533203,0.198573,0.0365176
22.37,0.532984,0.198113,0.0363363
22.38,0.532764,0.197644,0.0361524
22.39,0.532544,0.197165,0.0359654
22.4,0.532324,0.196679,0.0357753
22.41,0.532105,0.196186,0.0355828
22.42,0.531888,0.195686,0.0353886
22.43,0.531672,0.195179,0.0351936
22.44,0.531457,0.194667,0.0349985
22.45,0.53124,0.194148,0.0348038
22.46,0.531016,0.193625,0.0346097
22.47,0.530783,0.193098,0.0344165
22.48,0.530542,0.192571,0.0342251
22.49,0.530299,0.192046,0.0340363
22.5,0.530058,0.191527,0.0338517
22.51,0.529822,0.191017,0.033673
22.52,0.529591,0.190518,0.033502
22.53,0.529365,0.190032,0.0333407
22.54,0.529145,0.189557,0.0331903
22.55,0.528929,0.189091,0.0330514
22.56,0.528712,0.188635,0.0329246
22.57,0.528494,0.188189,0.0328097
22.58,0.528274,0.187754,0.0327066
22.59,0.528058,0.18733,0.0326152
22.6,0.527848,0.186918,0.0325351
22.61,0.527648,0.186519,0.0324659
22.62,0.527457,0.186133,0.0324078
22.63,0.527272,0.185762,0.0323601
22.64,0.527093,0.185405,0.0323214
22.65,0.52692,0.185064,0.0322909
22.66,0.526752,0.184739,0.0322685
22.67,0.526593,0.184432,0.0322538
22.68,0.526447,0.184147,0.0322468
22.69,0.526312,0.183883,0.032248
22.7,0.526186,0.18364,0.0322575
22.71,0.526066,0.183419,0.0322752
22.72,0.525953,0.183218,0.0323007
22.73,0.525845,0.183038,0.0323332
22.74,0.525745,0.18288,0.0323721
22.75,0.525656,0.182746,0.0324169
22.76,0.525578,0.182638,0.0324679
22.77,0.525512,0.182557,0.0325256
22.78,0.525454,0.182507,0.0325907
22.79,0.525405,0.182487,0.0326637
22.8,0.525364,0.182499,0.0327445
22.81,0.525333,0.182541,0.0328326
22.82,0.525315,0.182613,0.0329273
22.83,0.525311,0.182713,0.0330278
22.84,0.525323,0.182835,0.0331332
22.85,0.525351,0.182975,0.0332425
22.86,0.525396,0.183134,0.0333551
22.87,0.525457,0.18331,0.0334703
22.88,0.52553,0.183503,0.0335877
22.89,0.525614,0.183715,0.0337068
22.9,0.525707,0.183942,0.0338272
22.91,0.525811,0.184184,0.0339488
22.92,0.525927,0.18444,0.0340715
22.93,0.526055,0.184707,0.034195
22.94,0.526197,0.184987,0.0343192
22.95,0.526354,0.18528,0.0344442
22.96,0.526524,0.185588,0.03457
22.97,0.526708,0.18591,0.0346967
22.98,0.526904,0.186247,0.034824
22.99,0.52711,0.186599,0.0349516
23.0,0.527325,0.186967,0.0350787
23.01,0.527549,0.187348,0.035205
23.02,0.52778,0.187743,0.0353299
23.03,0.528017,0.18815,0.0354532
23.04,0.528257,0.18857,0.0355747
23.05,0.528499,0.189002,0.0356943
23.06,0.528742,0.189446,0.035812
23.07,0.528985,0.189899,0.0359277
23.08,0.529227,0.19036,0.0360416
23.09,0.529467,0.190825,0.0361546
23.1,0.529705,0.191295,0.0362675
23.11,0.52994,0.191766,0.0363817
23.12,0.530171,0.192239,0.036498
23.13,0.5304,0.192713,0.036617
23.14,0.530624,0.193188,0.0367391
23.15,0.530844,0.193664,0.036864
23.16,0.531059,0.194143,0.0369913
23.17,0.531269,0.194622,0.0371201
23.18,0.531473,0.195103,0.0372496
23.19,0.531674,0.195583,0.0373789
23.2,0.531872,0.196062,0.0375073
23.21,0.532067,0.196537,0.0376346
23.22,0.53226,0.197006,0.0377608
23.23,0.532453,0.197467,0.0378861
23.24,0.532646,0.197919,0.0380103
23.25,0.532838,0.19836,0.0381332
23.26,0.533028,0.198788,0.0382539
23.27,0.533214,0.199204,0.038372
23.28,0.533397,0.199606,0.0384872
23.29,0.533578,0.199995,0.0385998
23.3,0.533755,0.200368,0.0387103
23.31,0.533926,0.200725,0.0388194
23.32,0.534086,0.201065,0.0389278
23.33,0.534236,0.201388,0.0390355
23.34,0.534375,0.201692,0.0391418
23.35,0.534504,0.201979,0.0392453
23.36,0.534624,0.202248,0.0393445
23.37,0.53473,0.202499,0.0394373
23.38,0.534821,0.202733,0.0395217
23.39,0.5349,0.202948,0.0395975
23.4,0.534966,0.203146,0.0396641
23.41,0.535023,0.203324,0.0397202
23.42,0.535069,0.203481,0.0397647
23.43,0.535105,0.203615,0.0397968
23.44,0.535132,0.203726,0.0398153
23.45,0.535151,0.203813,0.0398198
23.46,0.53516,0.203875,0.0398101
23.47,0.535165,0.203911,0.039786
23.48,0.535167,0.203922,0.0397485
23.49,0.535167,0.203906,0.0396988
23.5,0.535164,0.203864,0.0396385
23.51,0.535155,0.203794,0.0395693
23.52,0.535138,0.203696,0.0394925
23.53,0.535112,0.203574,0.0394093
23.54,0.535076,0.20343,0.0393206
23.55,0.53503,0.203265,0.0392266
23.56,0.534975,0.20308,0.0391277
23.57,0.534912,0.202874,0.039024
23.58,0.53484,0.202646,0.0389159
23.59,0.534758,0.202397,0.0388037
23.6,0.534664,0.202126,0.0386878
23.61,0.534557,0.201834,0.0385685
23.62,0.534437,0.201523,0.0384463
23.63,0.534304,0.201191,0.0383219
23.64,0.53416,0.200841,0.0381955
23.65,0.534008,0.200472,0.0380666
23.66,0.53385,0.200086,0.0379345
23.67,0.533685,0.199686,0.0377986
23.68,0.533513,0.199273,0.0376591
23.69,0.533334,0.198849,0.0375163
23.7,0.53315,0.198416,0.0373704
23.71,0.532963,0.197973,0.0372215
23.72,0.532773,0.197524,0.0370693
23.73,0.532582,0.197068,0.0369138
23.74,0.53239,0.196607,0.0367551
23.75,0.532195,0.196141,0.0365939
23.76,0.531997,0.195671,0.0364309
23.77,0.531797,0.195198,0.0362674
23.78,0.531597,0.194726,0.0361045
23.79,0.531396,0.194254,0.035943
23.8,0.53119,0.193785,0.0357836
23.81,0.530979,0.19332,0.0356267
23.82,0.530763,0.192859,0.0354723
23.83,0.530547,0.192403,0.035321
23.84,0.53033,0.191952,0.0351734
23.85,0.530113,0.191508,0.0350304
23.86,0.529897,0.191071,0.034893
23.87,0.529683,0.190642,0.0347622
23.88,0.529473,0.190221,0.0346384
23.89,0.529267,0.189811,0.0345212
23.9,0.529063,0.189412,0.0344101
23.91,0.528858,0.189025,0.0343039
23.92,0.528653,0.188649,0.0342019
23.93,0.528449,0.188286,0.0341034
23.94,0.528251,0.187934,0.0340077
23.95,0.528058,0.187594,0.0339149
23.96,0.527874,0.187267,0.0338248
23.97,0.527696,0.186954,0.0337379
23.98,0.527522,0.186655,0.0336544
23.99,0.527353,0.186369,0.0335747
24.0,0.527192,0.186098,0.0334987
24.01,0.527039,0.185841,0.033426
24.02,0.5269,0.185598,0.0333562
24.03,0.526772,0.185371,0.0332885
24.04,0.526652,0.185158,0.0332225
24.05,0.526539,0.184958,0.0331578
24.06,0.526435,0.184771,0.0330941
24.07,0.526343,0.184601,0.0330309
24.08,0.526265,0.184452,0.0329682
24.09,0.526199,0.184327,0.0329065
24.1,0.526143,0.184226,0.0328463
24.11,0.526096,0.184147,0.0327885
24.12,0.526054,0.184088,0.0327345
24.13,0.526016,0.18405,0.0326856
24.14,0.525985,0.184032,0.0326433
24.15,0.525965,0.184036,0.0326089
24.16,0.52596,0.184061,0.032583
24.17,0.525968,0.184109,0.0325662
24.18,0.525987,0.18418,0.0325588
24.19,0.526014,0.184275,0.0325612
24.2,0.52605,0.184389,0.0325736
24.21,0.526095,0.184521,0.0325962
24.22,0.526152,0.184669,0.032629
24.23,0.526221,0.184834,0.032672
24.24,0.526303,0.185014,0.0327251
24.25,0.526399,0.18521,0.0327883
24.26,0.526504,0.185419,0.032861
24.27,0.526617,0.185642,0.0329426
24.28,0.526736,0.18588,0.0330325
24.29,0.526864,0.18613,0.0331304
24.3,0.527001,0.186393,0.0332359
24.31,0.527149,0.186668,0.0333489
24.32,0.527308,0.186953,0.0334694
24.33,0.527476,0.18725,0.0335975
24.34,0.527651,0.187559,0.0337332
24.35,0.527833,0.187878,0.0338765
24.36,0.52802,0.188207,0.0340271
24.37,0.528211,0.188546,0.0341847
24.38,0.528406,0.188894,0.0343488
24.39,0.528604,0.189253,0.034519
24.4,0.528805,0.189621,0.0346945
24.41,0.529008,0.19,0.0348742
24.42,0.529209,0.190389,0.0350568
24.43,0.52941,0.190789,0.0352407
24.44,0.529608,0.191197,0.0354244
24.45,0.529805,0.191615,0.0356067
24.46,0.53,0.192039,0.0357862
24.47,0.530194,0.192469,0.0359624
24.48,0.530387,0.192902,0.0361348
24.49,0.530579,0.193338,0.0363033
24.5,0.530768,0.193776,0.0364681
24.51,0.530956,0.194214,0.0366294
24.52,0.531143,0.194651,0.0367876
24.53,0.531329,0.195085,0.0369428
24.54,0.531515,0.195512,0.0370949
24.55,0.531701,0.195932,0.037244
24.56,0.531887,0.196345,0.0373898
24.57,0.532073,0.196749,0.0375322
24.58,0.532259,0.197144,0.037671
24.59,0.532445,0.19753,0.0378059
24.6,0.532627,0.197907,0.0379374
24.61,0.532804,0.198274,0.038066
24.62,0.532973,0.198631,0.0381923
24.63,0.533134,0.198977,0.0383168
24.64,0.53329,0.199309,0.0384395
24.65,0.533442,0.199626,0.0385601
24.66,0.533587,0.199929,0.0386783
24.67,0.533723,0.200216,0.0387936
24.68,0.53385,0.200489,0.0389054
24.69,0.533967,0.200746,0.0390123
24.7,0.534074,0.200987,0.0391129
24.71,0.534172,0.201212,0.0392061
24.72,0.53426,0.20142,0.0392914
24.73,0.534337,0.201611,0.0393683
24.74,0.534401,0.201782,0.0394363
24.75,0.534452,0.201933,0.0394949
24.76,0.534493,0.202063,0.0395441
24.77,0.534525,0.202171,0.0395842
24.78,0.534548,0.202257,0.0396153
24.79,0.534564,0.202322,0.0396378
24.8,0.534571,0.202365,0.039652
24.81,0.534571,0.202387,0.039658
24.82,0.534562,0.202387,0.0396553
24.83,0.534545,0.202367,0.0396437
24.84,0.53452,0.202325,0.0396226
24.85,0.534487,0.202262,0.0395916
24.86,0.534445,0.202178,0.0395505
24.87,0.534395,0.202075,0.0394997
24.88,0.534337,0.201951,0.0394395
24.89,0.53427,0.201809,0.0393708
24.9,0.534196,0.201649,0.0392946
24.91,0.534115,0.201473,0.0392119
24.92,0.534028,0.201284,0.0391235
24.93,0.533935,0.201083,0.0390303
24.94,0.533837,0.20087,0.0389327
24.95,0.533731,0.200646,0.0388315
24.96,0.533619,0.200411,0.0387272
24.97,0.5335,0.200165,0.03862
24.98,0.533377,0.199907,0.0385102
24.99,0.533248,0.19964,0.0383977
25.0,0.533115,0.199362,0.0382827
